,time,center,coords,length,order,type,iter
0,0,0,"[0.0, 0.0, 0.0]",0.0,,ER,1
1,0,1,"[0.0, 0.0, 0.0]",0.0,,ER,1
2,0,2,"[0.0, 0.0, 0.0]",0.0,,ER,1
3,0,3,"[0.0, 64.0, 0.0]",0.0,,ER,1
4,0,4,"[0.0, 0.0, 64.0]",0.0,0.3333333333333333,ER,1
5,0,5,"[64.0, 0.0, 0.0]",0.0,,ER,1
6,0,6,"[0.0, 64.0, 0.0]",0.0,,ER,1
7,0,7,"[0.0, 0.0, 0.0]",0.0,,ER,1
8,0,8,"[0.0, 0.0, 64.0]",0.0,0.3333333333333333,ER,1
9,0,9,"[64.0, 64.0, 64.0]",0.0,,ER,1
10,0,10,"[0.5, 0.0, 64.0]",1.0,0.3333333333333333,ER,1
11,1,0,"[0.0, 0.0, 0.0]",0.0,0.3333333333333333,ER,1
12,1,1,"[0.0, 0.0, 0.0]",0.0,0.3333333333333333,ER,1
13,1,2,"[0.0, 0.0, 0.0]",0.0,0.3333333333333333,ER,1
14,1,3,"[0.0, 64.0, 0.0]",0.0,,ER,1
15,1,4,"[0.0, 0.0, 64.0]",0.0,,ER,1
16,1,5,"[64.0, 0.0, 0.0]",0.0,,ER,1
17,1,6,"[0.0, 64.0, 0.0]",0.0,,ER,1
18,1,7,"[0.0, 0.0, 0.0]",0.0,0.3333333333333333,ER,1
19,1,8,"[0.0, 0.0, 64.0]",0.0,,ER,1
20,1,9,"[64.0, 64.0, 64.0]",0.0,,ER,1
21,1,10,"[0.5, 0.0, 64.0]",1.0,,ER,1
22,2,0,"[0.0, 0.0, 0.0]",0.0,0.3333333333333333,ER,1
23,2,1,"[0.0, 0.0, 0.0]",0.0,0.3333333333333333,ER,1
24,2,2,"[0.0, 0.0, 0.0]",0.0,0.3333333333333333,ER,1
25,2,3,"[0.0, 64.0, 0.0]",0.0,0.3333333333333333,ER,1
26,2,4,"[0.0, 0.0, 64.0]",0.0,,ER,1
27,2,5,"[64.0, 0.0, 0.0]",0.0,,ER,1
28,2,6,"[0.0, 64.0, 0.0]",0.0,0.3333333333333333,ER,1
29,2,7,"[0.0, 0.0, 0.0]",0.0,0.3333333333333333,ER,1
30,2,8,"[0.0, 0.0, 64.0]",0.0,,ER,1
31,2,9,"[64.0, 64.0, 64.0]",0.0,,ER,1
32,2,10,"[0.5, 0.0, 64.0]",1.0,,ER,1
33,3,0,"[0.0, 0.0, 0.0]",0.0,0.3333333333333333,ER,1
34,3,1,"[0.0, 0.0, 0.0]",0.0,0.3333333333333333,ER,1
35,3,2,"[0.0, 0.0, 0.0]",0.0,0.3333333333333333,ER,1
36,3,3,"[0.0, 64.0, 0.0]",0.0,0.3333333333333333,ER,1
37,3,4,"[0.0, 0.0, 64.0]",0.0,,ER,1
38,3,5,"[64.0, 0.0, 0.0]",0.0,,ER,1
39,3,6,"[0.0, 64.0, 0.0]",0.0,0.3333333333333333,ER,1
40,3,7,"[0.0, 0.0, 0.0]",0.0,0.3333333333333333,ER,1
41,3,8,"[0.0, 0.0, 64.0]",0.0,,ER,1
42,3,9,"[64.0, 64.0, 64.0]",0.0,,ER,1
43,3,10,"[0.5, 0.0, 64.0]",1.0,,ER,1
44,4,0,"[0.0, 0.0, 0.0]",0.0,0.3333333333333333,ER,1
45,4,1,"[0.0, 0.0, 0.0]",0.0,0.3333333333333333,ER,1
46,4,2,"[0.0, 0.0, 0.0]",0.0,0.3333333333333333,ER,1
47,4,3,"[0.0, 64.0, 0.0]",0.0,0.3333333333333333,ER,1
48,4,4,"[0.0, 0.0, 64.0]",0.0,,ER,1
49,4,5,"[64.0, 0.0, 0.0]",0.0,,ER,1
50,4,6,"[0.0, 64.0, 0.0]",0.0,0.3333333333333333,ER,1
51,4,7,"[0.0, 0.0, 0.0]",0.0,0.3333333333333333,ER,1
52,4,8,"[0.0, 0.0, 64.0]",0.0,,ER,1
53,4,9,"[64.0, 64.0, 64.0]",0.0,,ER,1
54,4,10,"[0.5, 0.0, 64.0]",1.0,,ER,1
55,5,0,"[0.0, 0.0, 0.0]",0.0,,ER,1
56,5,1,"[0.0, 0.0, 0.0]",0.0,,ER,1
57,5,2,"[0.0, 0.0, 0.0]",0.0,,ER,1
58,5,3,"[0.0, 64.0, 0.0]",0.0,,ER,1
59,5,4,"[0.0, 0.0, 64.0]",0.0,,ER,1
60,5,5,"[64.0, 0.0, 0.0]",0.0,,ER,1
61,5,6,"[0.0, 64.0, 0.0]",0.0,,ER,1
62,5,7,"[0.0, 0.0, 0.0]",0.0,,ER,1
63,5,8,"[0.0, 0.0, 64.0]",0.0,,ER,1
64,5,9,"[64.0, 64.0, 64.0]",0.0,0.3333333333333333,ER,1
65,5,10,"[0.5, 0.0, 64.0]",1.0,,ER,1
66,6,0,"[0.0, 0.0, 0.0]",0.0,,ER,1
67,6,1,"[0.0, 0.0, 0.0]",0.0,,ER,1
68,6,2,"[0.0, 0.0, 0.0]",0.0,,ER,1
69,6,3,"[0.0, 64.0, 0.0]",0.0,1.0,ER,1
70,6,4,"[0.0, 0.0, 64.0]",0.0,,ER,1
71,6,5,"[64.0, 0.0, 0.0]",0.0,,ER,1
72,6,6,"[0.0, 64.0, 0.0]",0.0,1.0,ER,1
73,6,7,"[0.0, 0.0, 0.0]",0.0,,ER,1
74,6,8,"[0.0, 0.0, 64.0]",0.0,,ER,1
75,6,9,"[64.0, 64.0, 64.0]",0.0,,ER,1
76,6,10,"[0.5, 0.0, 64.0]",1.0,,ER,1
77,7,0,"[0.0, 0.0, 0.0]",0.0,0.3333333333333333,ER,1
78,7,1,"[0.0, 0.0, 0.0]",0.0,0.3333333333333333,ER,1
79,7,2,"[0.0, 0.0, 0.0]",0.0,0.3333333333333333,ER,1
80,7,3,"[0.0, 64.0, 0.0]",0.0,0.3333333333333333,ER,1
81,7,4,"[0.0, 0.0, 64.0]",0.0,1.0,ER,1
82,7,5,"[64.0, 0.0, 0.0]",0.0,,ER,1
83,7,6,"[0.0, 64.0, 0.0]",0.0,0.3333333333333333,ER,1
84,7,7,"[0.0, 0.0, 0.0]",0.0,0.3333333333333333,ER,1
85,7,8,"[0.0, 0.0, 64.0]",0.0,1.0,ER,1
86,7,9,"[64.0, 64.0, 64.0]",0.0,,ER,1
87,7,10,"[0.5, 0.0, 64.0]",1.0,1.0,ER,1
88,8,0,"[0.0, 0.0, 0.0]",0.0,,ER,1
89,8,1,"[0.0, 0.0, 0.0]",0.0,,ER,1
90,8,2,"[0.0, 0.0, 0.0]",0.0,,ER,1
91,8,3,"[0.0, 64.0, 0.0]",0.0,0.3333333333333333,ER,1
92,8,4,"[0.0, 0.0, 64.0]",0.0,,ER,1
93,8,5,"[64.0, 0.0, 0.0]",0.0,,ER,1
94,8,6,"[0.0, 64.0, 0.0]",0.0,0.3333333333333333,ER,1
95,8,7,"[0.0, 0.0, 0.0]",0.0,,ER,1
96,8,8,"[0.0, 0.0, 64.0]",0.0,,ER,1
97,8,9,"[64.0, 64.0, 64.0]",0.0,,ER,1
98,8,10,"[0.5, 0.0, 64.0]",1.0,,ER,1
99,9,0,"[0.0, 0.0, 0.0]",0.0,1.0,ER,1
100,9,1,"[0.0, 0.0, 0.0]",0.0,1.0,ER,1
101,9,2,"[0.0, 0.0, 0.0]",0.0,1.0,ER,1
102,9,3,"[0.0, 64.0, 0.0]",0.0,,ER,1
103,9,4,"[0.0, 0.0, 64.0]",0.0,0.3333333333333333,ER,1
104,9,5,"[64.0, 0.0, 0.0]",0.0,,ER,1
105,9,6,"[0.0, 64.0, 0.0]",0.0,,ER,1
106,9,7,"[0.0, 0.0, 0.0]",0.0,1.0,ER,1
107,9,8,"[0.0, 0.0, 64.0]",0.0,0.3333333333333333,ER,1
108,9,9,"[64.0, 64.0, 64.0]",0.0,,ER,1
109,9,10,"[0.5, 0.0, 64.0]",1.0,0.3333333333333333,ER,1
110,10,0,"[0.0, 0.0, 0.0]",0.0,0.3333333333333333,ER,1
111,10,1,"[0.0, 0.0, 0.0]",0.0,0.3333333333333333,ER,1
112,10,2,"[0.0, 0.0, 0.0]",0.0,0.3333333333333333,ER,1
113,10,3,"[0.0, 64.0, 0.0]",0.0,,ER,1
114,10,4,"[0.0, 0.0, 64.0]",0.0,,ER,1
115,10,5,"[64.0, 0.0, 0.0]",0.0,,ER,1
116,10,6,"[0.0, 64.0, 0.0]",0.0,,ER,1
117,10,7,"[0.0, 0.0, 0.0]",0.0,0.3333333333333333,ER,1
118,10,8,"[0.0, 0.0, 64.0]",0.0,,ER,1
119,10,9,"[64.0, 64.0, 64.0]",0.0,,ER,1
120,10,10,"[0.5, 0.0, 64.0]",1.0,,ER,1
121,11,0,"[0.0, 0.0, 0.0]",0.0,1.0,ER,1
122,11,1,"[0.0, 0.0, 0.0]",0.0,1.0,ER,1
123,11,2,"[0.0, 0.0, 0.0]",0.0,1.0,ER,1
124,11,3,"[0.0, 64.0, 0.0]",0.0,0.3333333333333333,ER,1
125,11,4,"[0.0, 0.0, 64.0]",0.0,,ER,1
126,11,5,"[64.0, 0.0, 0.0]",0.0,,ER,1
127,11,6,"[0.0, 64.0, 0.0]",0.0,0.3333333333333333,ER,1
128,11,7,"[0.0, 0.0, 0.0]",0.0,1.0,ER,1
129,11,8,"[0.0, 0.0, 64.0]",0.0,,ER,1
130,11,9,"[64.0, 64.0, 64.0]",0.0,,ER,1
131,11,10,"[0.5, 0.0, 64.0]",1.0,,ER,1
132,12,0,"[0.0, 0.0, 0.0]",0.0,,ER,1
133,12,1,"[0.0, 0.0, 0.0]",0.0,,ER,1
134,12,2,"[0.0, 0.0, 0.0]",0.0,,ER,1
135,12,3,"[0.0, 64.0, 0.0]",0.0,0.3333333333333333,ER,1
136,12,4,"[0.0, 0.0, 64.0]",0.0,0.3333333333333333,ER,1
137,12,5,"[64.0, 0.0, 0.0]",0.0,,ER,1
138,12,6,"[0.0, 64.0, 0.0]",0.0,0.3333333333333333,ER,1
139,12,7,"[0.0, 0.0, 0.0]",0.0,,ER,1
140,12,8,"[0.0, 0.0, 64.0]",0.0,0.3333333333333333,ER,1
141,12,9,"[64.0, 64.0, 64.0]",0.0,1.0,ER,1
142,12,10,"[0.5, 0.0, 64.0]",1.0,0.3333333333333333,ER,1
143,13,0,"[0.0, 0.0, 0.0]",0.0,,ER,1
144,13,1,"[0.0, 0.0, 0.0]",0.0,,ER,1
145,13,2,"[0.0, 0.0, 0.0]",0.0,,ER,1
146,13,3,"[0.0, 64.0, 0.0]",0.0,,ER,1
147,13,4,"[0.0, 0.0, 64.0]",0.0,,ER,1
148,13,5,"[64.0, 0.0, 0.0]",0.0,,ER,1
149,13,6,"[0.0, 64.0, 0.0]",0.0,,ER,1
150,13,7,"[0.0, 0.0, 0.0]",0.0,,ER,1
151,13,8,"[0.0, 0.0, 64.0]",0.0,,ER,1
152,13,9,"[64.0, 64.0, 64.0]",0.0,,ER,1
153,13,10,"[0.5, 0.0, 64.0]",1.0,,ER,1
154,14,0,"[0.0, 0.0, 0.0]",0.0,0.3333333333333333,ER,1
155,14,1,"[0.0, 0.0, 0.0]",0.0,0.3333333333333333,ER,1
156,14,2,"[0.0, 0.0, 0.0]",0.0,0.3333333333333333,ER,1
157,14,3,"[0.0, 64.0, 0.0]",0.0,,ER,1
158,14,4,"[0.0, 0.0, 64.0]",0.0,,ER,1
159,14,5,"[64.0, 0.0, 0.0]",0.0,,ER,1
160,14,6,"[0.0, 64.0, 0.0]",0.0,,ER,1
161,14,7,"[0.0, 0.0, 0.0]",0.0,0.3333333333333333,ER,1
162,14,8,"[0.0, 0.0, 64.0]",0.0,,ER,1
163,14,9,"[64.0, 64.0, 64.0]",0.0,,ER,1
164,14,10,"[0.5, 0.0, 64.0]",1.0,,ER,1
165,15,0,"[0.0, 0.0, 0.0]",0.0,,ER,1
166,15,1,"[0.0, 0.0, 0.0]",0.0,,ER,1
167,15,2,"[0.0, 0.0, 0.0]",0.0,,ER,1
168,15,3,"[0.0, 64.0, 0.0]",0.0,,ER,1
169,15,4,"[0.0, 0.0, 64.0]",0.0,,ER,1
170,15,5,"[64.0, 0.0, 0.0]",0.0,,ER,1
171,15,6,"[0.0, 64.0, 0.0]",0.0,,ER,1
172,15,7,"[0.0, 0.0, 0.0]",0.0,,ER,1
173,15,8,"[0.0, 0.0, 64.0]",0.0,,ER,1
174,15,9,"[64.0, 64.0, 64.0]",0.0,,ER,1
175,15,10,"[0.5, 0.0, 64.0]",1.0,,ER,1
176,16,0,"[0.0, 0.0, 0.0]",0.0,0.3333333333333333,ER,1
177,16,1,"[0.0, 0.0, 0.0]",0.0,0.3333333333333333,ER,1
178,16,2,"[0.0, 0.0, 0.0]",0.0,0.3333333333333333,ER,1
179,16,3,"[0.0, 64.0, 0.0]",0.0,,ER,1
180,16,4,"[0.0, 0.0, 64.0]",0.0,,ER,1
181,16,5,"[64.0, 0.0, 0.0]",0.0,,ER,1
182,16,6,"[0.0, 64.0, 0.0]",0.0,,ER,1
183,16,7,"[0.0, 0.0, 0.0]",0.0,0.3333333333333333,ER,1
184,16,8,"[0.0, 0.0, 64.0]",0.0,,ER,1
185,16,9,"[64.0, 64.0, 64.0]",0.0,0.6666666666666666,ER,1
186,16,10,"[0.5, 0.0, 64.0]",1.0,,ER,1
187,17,0,"[0.0, 0.0, 0.0]",0.0,0.3333333333333333,ER,1
188,17,1,"[0.0, 0.0, 0.0]",0.0,0.3333333333333333,ER,1
189,17,2,"[0.0, 0.0, 0.0]",0.0,0.3333333333333333,ER,1
190,17,3,"[0.0, 64.0, 0.0]",0.0,,ER,1
191,17,4,"[0.0, 0.0, 64.0]",0.0,,ER,1
192,17,5,"[64.0, 0.0, 0.0]",0.0,0.3333333333333333,ER,1
193,17,6,"[0.0, 64.0, 0.0]",0.0,,ER,1
194,17,7,"[0.0, 0.0, 0.0]",0.0,0.3333333333333333,ER,1
195,17,8,"[0.0, 0.0, 64.0]",0.0,,ER,1
196,17,9,"[64.0, 64.0, 64.0]",0.0,,ER,1
197,17,10,"[0.5, 0.0, 64.0]",1.0,,ER,1
198,18,0,"[0.0, 0.0, 0.0]",0.0,,ER,1
199,18,1,"[0.0, 0.0, 0.0]",0.0,,ER,1
200,18,2,"[0.0, 0.0, 0.0]",0.0,,ER,1
201,18,3,"[0.0, 64.0, 0.0]",0.0,0.3333333333333333,ER,1
202,18,4,"[0.0, 0.0, 64.0]",0.0,,ER,1
203,18,5,"[64.0, 0.0, 0.0]",0.0,,ER,1
204,18,6,"[0.0, 64.0, 0.0]",0.0,0.3333333333333333,ER,1
205,18,7,"[0.0, 0.0, 0.0]",0.0,,ER,1
206,18,8,"[0.0, 0.0, 64.0]",0.0,,ER,1
207,18,9,"[64.0, 64.0, 64.0]",0.0,1.0,ER,1
208,18,10,"[0.5, 0.0, 64.0]",1.0,,ER,1
209,19,0,"[0.0, 0.0, 0.0]",0.0,0.3333333333333333,ER,1
210,19,1,"[0.0, 0.0, 0.0]",0.0,0.3333333333333333,ER,1
211,19,2,"[0.0, 0.0, 0.0]",0.0,0.3333333333333333,ER,1
212,19,3,"[0.0, 64.0, 0.0]",0.0,,ER,1
213,19,4,"[0.0, 0.0, 64.0]",0.0,0.3333333333333333,ER,1
214,19,5,"[64.0, 0.0, 0.0]",0.0,,ER,1
215,19,6,"[0.0, 64.0, 0.0]",0.0,,ER,1
216,19,7,"[0.0, 0.0, 0.0]",0.0,0.3333333333333333,ER,1
217,19,8,"[0.0, 0.0, 64.0]",0.0,0.3333333333333333,ER,1
218,19,9,"[64.0, 64.0, 64.0]",0.0,,ER,1
219,19,10,"[0.5, 0.0, 64.0]",1.0,0.3333333333333333,ER,1
220,20,0,"[0.0, 0.0, 0.0]",0.0,1.0,ER,1
221,20,1,"[0.0, 0.0, 0.0]",0.0,1.0,ER,1
222,20,2,"[0.0, 0.0, 0.0]",0.0,1.0,ER,1
223,20,3,"[0.0, 64.0, 0.0]",0.0,,ER,1
224,20,4,"[0.0, 0.0, 64.0]",0.0,,ER,1
225,20,5,"[64.0, 0.0, 0.0]",0.0,0.3333333333333333,ER,1
226,20,6,"[0.0, 64.0, 0.0]",0.0,,ER,1
227,20,7,"[0.0, 0.0, 0.0]",0.0,1.0,ER,1
228,20,8,"[0.0, 0.0, 64.0]",0.0,,ER,1
229,20,9,"[64.0, 64.0, 64.0]",0.0,0.3333333333333333,ER,1
230,20,10,"[0.5, 0.0, 64.0]",1.0,,ER,1
231,21,0,"[0.0, 0.0, 0.0]",0.0,,ER,1
232,21,1,"[0.0, 0.0, 0.0]",0.0,,ER,1
233,21,2,"[0.0, 0.0, 0.0]",0.0,,ER,1
234,21,3,"[0.0, 64.0, 0.0]",0.0,0.3333333333333333,ER,1
235,21,4,"[0.0, 0.0, 64.0]",0.0,,ER,1
236,21,5,"[64.0, 0.0, 0.0]",0.0,,ER,1
237,21,6,"[0.0, 64.0, 0.0]",0.0,0.3333333333333333,ER,1
238,21,7,"[0.0, 0.0, 0.0]",0.0,,ER,1
239,21,8,"[0.0, 0.0, 64.0]",0.0,,ER,1
240,21,9,"[64.0, 64.0, 64.0]",0.0,0.3333333333333333,ER,1
241,21,10,"[0.5, 0.0, 64.0]",1.0,,ER,1
242,22,0,"[0.0, 0.0, 0.0]",0.0,0.3333333333333333,ER,1
243,22,1,"[0.0, 0.0, 0.0]",0.0,0.3333333333333333,ER,1
244,22,2,"[0.0, 0.0, 0.0]",0.0,0.3333333333333333,ER,1
245,22,3,"[0.0, 64.0, 0.0]",0.0,,ER,1
246,22,4,"[0.0, 0.0, 64.0]",0.0,0.3333333333333333,ER,1
247,22,5,"[64.0, 0.0, 0.0]",0.0,,ER,1
248,22,6,"[0.0, 64.0, 0.0]",0.0,,ER,1
249,22,7,"[0.0, 0.0, 0.0]",0.0,0.3333333333333333,ER,1
250,22,8,"[0.0, 0.0, 64.0]",0.0,0.3333333333333333,ER,1
251,22,9,"[64.0, 64.0, 64.0]",0.0,,ER,1
252,22,10,"[0.5, 0.0, 64.0]",1.0,0.3333333333333333,ER,1
253,23,0,"[0.0, 0.0, 0.0]",0.0,,ER,1
254,23,1,"[0.0, 0.0, 0.0]",0.0,,ER,1
255,23,2,"[0.0, 0.0, 0.0]",0.0,,ER,1
256,23,3,"[0.0, 64.0, 0.0]",0.0,,ER,1
257,23,4,"[0.0, 0.0, 64.0]",0.0,,ER,1
258,23,5,"[64.0, 0.0, 0.0]",0.0,,ER,1
259,23,6,"[0.0, 64.0, 0.0]",0.0,,ER,1
260,23,7,"[0.0, 0.0, 0.0]",0.0,,ER,1
261,23,8,"[0.0, 0.0, 64.0]",0.0,,ER,1
262,23,9,"[64.0, 64.0, 64.0]",0.0,0.3333333333333333,ER,1
263,23,10,"[0.5, 0.0, 64.0]",1.0,,ER,1
264,24,0,"[0.0, 0.0, 0.0]",0.0,,ER,1
265,24,1,"[0.0, 0.0, 0.0]",0.0,,ER,1
266,24,2,"[0.0, 0.0, 0.0]",0.0,,ER,1
267,24,3,"[0.0, 64.0, 0.0]",0.0,,ER,1
268,24,4,"[0.0, 0.0, 64.0]",0.0,0.3333333333333333,ER,1
269,24,5,"[64.0, 0.0, 0.0]",0.0,,ER,1
270,24,6,"[0.0, 64.0, 0.0]",0.0,,ER,1
271,24,7,"[0.0, 0.0, 0.0]",0.0,,ER,1
272,24,8,"[0.0, 0.0, 64.0]",0.0,0.3333333333333333,ER,1
273,24,9,"[64.0, 64.0, 64.0]",0.0,,ER,1
274,24,10,"[0.5, 0.0, 64.0]",1.0,0.3333333333333333,ER,1
275,25,0,"[0.0, 0.0, 0.0]",0.0,1.0,ER,1
276,25,1,"[0.0, 0.0, 0.0]",0.0,1.0,ER,1
277,25,2,"[0.0, 0.0, 0.0]",0.0,1.0,ER,1
278,25,3,"[0.0, 64.0, 0.0]",0.0,,ER,1
279,25,4,"[0.0, 0.0, 64.0]",0.0,,ER,1
280,25,5,"[64.0, 0.0, 0.0]",0.0,,ER,1
281,25,6,"[0.0, 64.0, 0.0]",0.0,,ER,1
282,25,7,"[0.0, 0.0, 0.0]",0.0,1.0,ER,1
283,25,8,"[0.0, 0.0, 64.0]",0.0,,ER,1
284,25,9,"[64.0, 64.0, 64.0]",0.0,,ER,1
285,25,10,"[0.5, 0.0, 64.0]",1.0,,ER,1
286,26,0,"[0.0, 0.0, 0.0]",0.0,0.3333333333333333,ER,1
287,26,1,"[0.0, 0.0, 0.0]",0.0,0.3333333333333333,ER,1
288,26,2,"[0.0, 0.0, 0.0]",0.0,0.3333333333333333,ER,1
289,26,3,"[0.0, 64.0, 0.0]",0.0,,ER,1
290,26,4,"[0.0, 0.0, 64.0]",0.0,,ER,1
291,26,5,"[64.0, 0.0, 0.0]",0.0,,ER,1
292,26,6,"[0.0, 64.0, 0.0]",0.0,,ER,1
293,26,7,"[0.0, 0.0, 0.0]",0.0,0.3333333333333333,ER,1
294,26,8,"[0.0, 0.0, 64.0]",0.0,,ER,1
295,26,9,"[64.0, 64.0, 64.0]",0.0,,ER,1
296,26,10,"[0.5, 0.0, 64.0]",1.0,,ER,1
297,27,0,"[0.0, 0.0, 0.0]",0.0,0.3333333333333333,ER,1
298,27,1,"[0.0, 0.0, 0.0]",0.0,0.3333333333333333,ER,1
299,27,2,"[0.0, 0.0, 0.0]",0.0,0.3333333333333333,ER,1
300,27,3,"[0.0, 64.0, 0.0]",0.0,,ER,1
301,27,4,"[0.0, 0.0, 64.0]",0.0,,ER,1
302,27,5,"[64.0, 0.0, 0.0]",0.0,,ER,1
303,27,6,"[0.0, 64.0, 0.0]",0.0,,ER,1
304,27,7,"[0.0, 0.0, 0.0]",0.0,0.3333333333333333,ER,1
305,27,8,"[0.0, 0.0, 64.0]",0.0,,ER,1
306,27,9,"[64.0, 64.0, 64.0]",0.0,,ER,1
307,27,10,"[0.5, 0.0, 64.0]",1.0,,ER,1
308,28,0,"[0.0, 0.0, 0.0]",0.0,,ER,1
309,28,1,"[0.0, 0.0, 0.0]",0.0,,ER,1
310,28,2,"[0.0, 0.0, 0.0]",0.0,,ER,1
311,28,3,"[0.0, 64.0, 0.0]",0.0,0.3333333333333333,ER,1
312,28,4,"[0.0, 0.0, 64.0]",0.0,0.3333333333333333,ER,1
313,28,5,"[64.0, 0.0, 0.0]",0.0,,ER,1
314,28,6,"[0.0, 64.0, 0.0]",0.0,0.3333333333333333,ER,1
315,28,7,"[0.0, 0.0, 0.0]",0.0,,ER,1
316,28,8,"[0.0, 0.0, 64.0]",0.0,0.3333333333333333,ER,1
317,28,9,"[64.0, 64.0, 64.0]",0.0,,ER,1
318,28,10,"[0.5, 0.0, 64.0]",1.0,0.3333333333333333,ER,1
319,29,0,"[0.0, 0.0, 0.0]",0.0,0.3333333333333333,ER,1
320,29,1,"[0.0, 0.0, 0.0]",0.0,0.3333333333333333,ER,1
321,29,2,"[0.0, 0.0, 0.0]",0.0,0.3333333333333333,ER,1
322,29,3,"[0.0, 64.0, 0.0]",0.0,0.3333333333333333,ER,1
323,29,4,"[0.0, 0.0, 64.0]",0.0,,ER,1
324,29,5,"[64.0, 0.0, 0.0]",0.0,,ER,1
325,29,6,"[0.0, 64.0, 0.0]",0.0,0.3333333333333333,ER,1
326,29,7,"[0.0, 0.0, 0.0]",0.0,0.3333333333333333,ER,1
327,29,8,"[0.0, 0.0, 64.0]",0.0,,ER,1
328,29,9,"[64.0, 64.0, 64.0]",0.0,,ER,1
329,29,10,"[0.5, 0.0, 64.0]",1.0,,ER,1
330,30,0,"[0.0, 0.0, 0.0]",0.0,0.3333333333333333,ER,1
331,30,1,"[0.0, 0.0, 0.0]",0.0,0.3333333333333333,ER,1
332,30,2,"[0.0, 0.0, 0.0]",0.0,0.3333333333333333,ER,1
333,30,3,"[0.0, 64.0, 0.0]",0.0,,ER,1
334,30,4,"[0.0, 0.0, 64.0]",0.0,,ER,1
335,30,5,"[64.0, 0.0, 0.0]",0.0,,ER,1
336,30,6,"[0.0, 64.0, 0.0]",0.0,,ER,1
337,30,7,"[0.0, 0.0, 0.0]",0.0,0.3333333333333333,ER,1
338,30,8,"[0.0, 0.0, 64.0]",0.0,,ER,1
339,30,9,"[64.0, 64.0, 64.0]",0.0,,ER,1
340,30,10,"[0.5, 0.0, 64.0]",1.0,,ER,1
341,31,0,"[0.0, 0.0, 0.0]",0.0,,ER,1
342,31,1,"[0.0, 0.0, 0.0]",0.0,,ER,1
343,31,2,"[0.0, 0.0, 0.0]",0.0,,ER,1
344,31,3,"[0.0, 64.0, 0.0]",0.0,,ER,1
345,31,4,"[0.0, 0.0, 64.0]",0.0,,ER,1
346,31,5,"[64.0, 0.0, 0.0]",0.0,0.3333333333333333,ER,1
347,31,6,"[0.0, 64.0, 0.0]",0.0,,ER,1
348,31,7,"[0.0, 0.0, 0.0]",0.0,,ER,1
349,31,8,"[0.0, 0.0, 64.0]",0.0,,ER,1
350,31,9,"[64.0, 64.0, 64.0]",0.0,0.3333333333333333,ER,1
351,31,10,"[0.5, 0.0, 64.0]",1.0,,ER,1
352,32,0,"[0.0, 0.0, 0.0]",0.0,0.3333333333333333,ER,1
353,32,1,"[0.0, 0.0, 0.0]",0.0,0.3333333333333333,ER,1
354,32,2,"[0.0, 0.0, 0.0]",0.0,0.3333333333333333,ER,1
355,32,3,"[0.0, 64.0, 0.0]",0.0,0.3333333333333333,ER,1
356,32,4,"[0.0, 0.0, 64.0]",0.0,,ER,1
357,32,5,"[64.0, 0.0, 0.0]",0.0,,ER,1
358,32,6,"[0.0, 64.0, 0.0]",0.0,0.3333333333333333,ER,1
359,32,7,"[0.0, 0.0, 0.0]",0.0,0.3333333333333333,ER,1
360,32,8,"[0.0, 0.0, 64.0]",0.0,,ER,1
361,32,9,"[64.0, 64.0, 64.0]",0.0,,ER,1
362,32,10,"[0.5, 0.0, 64.0]",1.0,0.3333333333333333,ER,1
363,33,0,"[0.0, 0.0, 0.0]",0.0,1.0,ER,1
364,33,1,"[0.0, 0.0, 0.0]",0.0,1.0,ER,1
365,33,2,"[0.0, 0.0, 0.0]",0.0,1.0,ER,1
366,33,3,"[0.0, 64.0, 0.0]",0.0,,ER,1
367,33,4,"[0.0, 0.0, 64.0]",0.0,0.3333333333333333,ER,1
368,33,5,"[64.0, 0.0, 0.0]",0.0,,ER,1
369,33,6,"[0.0, 64.0, 0.0]",0.0,,ER,1
370,33,7,"[0.0, 0.0, 0.0]",0.0,1.0,ER,1
371,33,8,"[0.0, 0.0, 64.0]",0.0,0.3333333333333333,ER,1
372,33,9,"[64.0, 64.0, 64.0]",0.0,,ER,1
373,33,10,"[0.5, 0.0, 64.0]",1.0,0.3333333333333333,ER,1
374,34,0,"[0.0, 0.0, 0.0]",0.0,1.0,ER,1
375,34,1,"[0.0, 0.0, 0.0]",0.0,1.0,ER,1
376,34,2,"[0.0, 0.0, 0.0]",0.0,1.0,ER,1
377,34,3,"[0.0, 64.0, 0.0]",0.0,,ER,1
378,34,4,"[0.0, 0.0, 64.0]",0.0,,ER,1
379,34,5,"[64.0, 0.0, 0.0]",0.0,,ER,1
380,34,6,"[0.0, 64.0, 0.0]",0.0,,ER,1
381,34,7,"[0.0, 0.0, 0.0]",0.0,1.0,ER,1
382,34,8,"[0.0, 0.0, 64.0]",0.0,,ER,1
383,34,9,"[64.0, 64.0, 64.0]",0.0,0.3333333333333333,ER,1
384,34,10,"[0.5, 0.0, 64.0]",1.0,,ER,1
385,35,0,"[0.0, 0.0, 0.0]",0.0,,ER,1
386,35,1,"[0.0, 0.0, 0.0]",0.0,,ER,1
387,35,2,"[0.0, 0.0, 0.0]",0.0,,ER,1
388,35,3,"[0.0, 64.0, 0.0]",0.0,0.3333333333333333,ER,1
389,35,4,"[0.0, 0.0, 64.0]",0.0,,ER,1
390,35,5,"[64.0, 0.0, 0.0]",0.0,,ER,1
391,35,6,"[0.0, 64.0, 0.0]",0.0,0.3333333333333333,ER,1
392,35,7,"[0.0, 0.0, 0.0]",0.0,,ER,1
393,35,8,"[0.0, 0.0, 64.0]",0.0,,ER,1
394,35,9,"[64.0, 64.0, 64.0]",0.0,,ER,1
395,35,10,"[0.5, 0.0, 64.0]",1.0,0.3333333333333333,ER,1
396,36,0,"[0.0, 0.0, 0.0]",0.0,,ER,1
397,36,1,"[0.0, 0.0, 0.0]",0.0,,ER,1
398,36,2,"[0.0, 0.0, 0.0]",0.0,,ER,1
399,36,3,"[0.0, 64.0, 0.0]",0.0,0.3333333333333333,ER,1
400,36,4,"[0.0, 0.0, 64.0]",0.0,0.3333333333333333,ER,1
401,36,5,"[64.0, 0.0, 0.0]",0.0,,ER,1
402,36,6,"[0.0, 64.0, 0.0]",0.0,0.3333333333333333,ER,1
403,36,7,"[0.0, 0.0, 0.0]",0.0,,ER,1
404,36,8,"[0.0, 0.0, 64.0]",0.0,0.3333333333333333,ER,1
405,36,9,"[64.0, 64.0, 64.0]",0.0,0.3333333333333333,ER,1
406,36,10,"[0.5, 0.0, 64.0]",1.0,0.3333333333333333,ER,1
407,37,0,"[0.0, 0.0, 0.0]",0.0,,ER,1
408,37,1,"[0.0, 0.0, 0.0]",0.0,,ER,1
409,37,2,"[0.0, 0.0, 0.0]",0.0,,ER,1
410,37,3,"[0.0, 64.0, 0.0]",0.0,,ER,1
411,37,4,"[0.0, 0.0, 64.0]",0.0,0.3333333333333333,ER,1
412,37,5,"[64.0, 0.0, 0.0]",0.0,,ER,1
413,37,6,"[0.0, 64.0, 0.0]",0.0,,ER,1
414,37,7,"[0.0, 0.0, 0.0]",0.0,,ER,1
415,37,8,"[0.0, 0.0, 64.0]",0.0,0.3333333333333333,ER,1
416,37,9,"[64.0, 64.0, 64.0]",0.0,,ER,1
417,37,10,"[0.5, 0.0, 64.0]",1.0,0.3333333333333333,ER,1
418,38,0,"[0.0, 0.0, 0.0]",0.0,,ER,1
419,38,1,"[0.0, 0.0, 0.0]",0.0,,ER,1
420,38,2,"[0.0, 0.0, 0.0]",0.0,,ER,1
421,38,3,"[0.0, 64.0, 0.0]",0.0,,ER,1
422,38,4,"[0.0, 0.0, 64.0]",0.0,0.3333333333333333,ER,1
423,38,5,"[64.0, 0.0, 0.0]",0.0,,ER,1
424,38,6,"[0.0, 64.0, 0.0]",0.0,,ER,1
425,38,7,"[0.0, 0.0, 0.0]",0.0,,ER,1
426,38,8,"[0.0, 0.0, 64.0]",0.0,0.3333333333333333,ER,1
427,38,9,"[64.0, 64.0, 64.0]",0.0,,ER,1
428,38,10,"[0.5, 0.0, 64.0]",1.0,0.3333333333333333,ER,1
429,39,0,"[0.0, 0.0, 0.0]",0.0,0.3333333333333333,ER,1
430,39,1,"[0.0, 0.0, 0.0]",0.0,0.3333333333333333,ER,1
431,39,2,"[0.0, 0.0, 0.0]",0.0,0.3333333333333333,ER,1
432,39,3,"[0.0, 64.0, 0.0]",0.0,0.3333333333333333,ER,1
433,39,4,"[0.0, 0.0, 64.0]",0.0,,ER,1
434,39,5,"[64.0, 0.0, 0.0]",0.0,,ER,1
435,39,6,"[0.0, 64.0, 0.0]",0.0,0.3333333333333333,ER,1
436,39,7,"[0.0, 0.0, 0.0]",0.0,0.3333333333333333,ER,1
437,39,8,"[0.0, 0.0, 64.0]",0.0,,ER,1
438,39,9,"[64.0, 64.0, 64.0]",0.0,,ER,1
439,39,10,"[0.5, 0.0, 64.0]",1.0,,ER,1
440,40,0,"[0.0, 0.0, 0.0]",0.0,0.3333333333333333,ER,1
441,40,1,"[0.0, 0.0, 0.0]",0.0,0.3333333333333333,ER,1
442,40,2,"[0.0, 0.0, 0.0]",0.0,0.3333333333333333,ER,1
443,40,3,"[0.0, 64.0, 0.0]",0.0,,ER,1
444,40,4,"[0.0, 0.0, 64.0]",0.0,0.3333333333333333,ER,1
445,40,5,"[64.0, 0.0, 0.0]",0.0,,ER,1
446,40,6,"[0.0, 64.0, 0.0]",0.0,,ER,1
447,40,7,"[0.0, 0.0, 0.0]",0.0,0.3333333333333333,ER,1
448,40,8,"[0.0, 0.0, 64.0]",0.0,0.3333333333333333,ER,1
449,40,9,"[64.0, 64.0, 64.0]",0.0,0.3333333333333333,ER,1
450,40,10,"[0.5, 0.0, 64.0]",1.0,0.3333333333333333,ER,1
451,41,0,"[0.0, 0.0, 0.0]",0.0,1.0,ER,1
452,41,1,"[0.0, 0.0, 0.0]",0.0,1.0,ER,1
453,41,2,"[0.0, 0.0, 0.0]",0.0,1.0,ER,1
454,41,3,"[0.0, 64.0, 0.0]",0.0,0.3333333333333333,ER,1
455,41,4,"[0.0, 0.0, 64.0]",0.0,,ER,1
456,41,5,"[64.0, 0.0, 0.0]",0.0,,ER,1
457,41,6,"[0.0, 64.0, 0.0]",0.0,0.3333333333333333,ER,1
458,41,7,"[0.0, 0.0, 0.0]",0.0,1.0,ER,1
459,41,8,"[0.0, 0.0, 64.0]",0.0,,ER,1
460,41,9,"[64.0, 64.0, 64.0]",0.0,,ER,1
461,41,10,"[0.5, 0.0, 64.0]",1.0,,ER,1
462,42,0,"[0.0, 0.0, 0.0]",0.0,,ER,1
463,42,1,"[0.0, 0.0, 0.0]",0.0,,ER,1
464,42,2,"[0.0, 0.0, 0.0]",0.0,,ER,1
465,42,3,"[0.0, 64.0, 0.0]",0.0,,ER,1
466,42,4,"[0.0, 0.0, 64.0]",0.0,0.3333333333333333,ER,1
467,42,5,"[64.0, 0.0, 0.0]",0.0,,ER,1
468,42,6,"[0.0, 64.0, 0.0]",0.0,,ER,1
469,42,7,"[0.0, 0.0, 0.0]",0.0,,ER,1
470,42,8,"[0.0, 0.0, 64.0]",0.0,0.3333333333333333,ER,1
471,42,9,"[64.0, 64.0, 64.0]",0.0,0.3333333333333333,ER,1
472,42,10,"[0.5, 0.0, 64.0]",1.0,0.3333333333333333,ER,1
473,43,0,"[0.0, 0.0, 0.0]",0.0,1.0,ER,1
474,43,1,"[0.0, 0.0, 0.0]",0.0,1.0,ER,1
475,43,2,"[0.0, 0.0, 0.0]",0.0,1.0,ER,1
476,43,3,"[0.0, 64.0, 0.0]",0.0,,ER,1
477,43,4,"[0.0, 0.0, 64.0]",0.0,,ER,1
478,43,5,"[64.0, 0.0, 0.0]",0.0,,ER,1
479,43,6,"[0.0, 64.0, 0.0]",0.0,,ER,1
480,43,7,"[0.0, 0.0, 0.0]",0.0,1.0,ER,1
481,43,8,"[0.0, 0.0, 64.0]",0.0,,ER,1
482,43,9,"[64.0, 64.0, 64.0]",0.0,,ER,1
483,43,10,"[0.5, 0.0, 64.0]",1.0,,ER,1
484,44,0,"[0.0, 0.0, 0.0]",0.0,0.3333333333333333,ER,1
485,44,1,"[0.0, 0.0, 0.0]",0.0,0.3333333333333333,ER,1
486,44,2,"[0.0, 0.0, 0.0]",0.0,0.3333333333333333,ER,1
487,44,3,"[0.0, 64.0, 0.0]",0.0,,ER,1
488,44,4,"[0.0, 0.0, 64.0]",0.0,,ER,1
489,44,5,"[64.0, 0.0, 0.0]",0.0,,ER,1
490,44,6,"[0.0, 64.0, 0.0]",0.0,,ER,1
491,44,7,"[0.0, 0.0, 0.0]",0.0,0.3333333333333333,ER,1
492,44,8,"[0.0, 0.0, 64.0]",0.0,,ER,1
493,44,9,"[64.0, 64.0, 64.0]",0.0,,ER,1
494,44,10,"[0.5, 0.0, 64.0]",1.0,,ER,1
495,45,0,"[0.0, 0.0, 0.0]",0.0,,ER,1
496,45,1,"[0.0, 0.0, 0.0]",0.0,,ER,1
497,45,2,"[0.0, 0.0, 0.0]",0.0,,ER,1
498,45,3,"[0.0, 64.0, 0.0]",0.0,0.3333333333333333,ER,1
499,45,4,"[0.0, 0.0, 64.0]",0.0,,ER,1
500,45,5,"[64.0, 0.0, 0.0]",0.0,,ER,1
501,45,6,"[0.0, 64.0, 0.0]",0.0,0.3333333333333333,ER,1
502,45,7,"[0.0, 0.0, 0.0]",0.0,,ER,1
503,45,8,"[0.0, 0.0, 64.0]",0.0,,ER,1
504,45,9,"[64.0, 64.0, 64.0]",0.0,,ER,1
505,45,10,"[0.5, 0.0, 64.0]",1.0,,ER,1
506,46,0,"[0.0, 0.0, 0.0]",0.0,,ER,1
507,46,1,"[0.0, 0.0, 0.0]",0.0,,ER,1
508,46,2,"[0.0, 0.0, 0.0]",0.0,,ER,1
509,46,3,"[0.0, 64.0, 0.0]",0.0,0.3333333333333333,ER,1
510,46,4,"[0.0, 0.0, 64.0]",0.0,,ER,1
511,46,5,"[64.0, 0.0, 0.0]",0.0,0.3333333333333333,ER,1
512,46,6,"[0.0, 64.0, 0.0]",0.0,0.3333333333333333,ER,1
513,46,7,"[0.0, 0.0, 0.0]",0.0,,ER,1
514,46,8,"[0.0, 0.0, 64.0]",0.0,,ER,1
515,46,9,"[64.0, 64.0, 64.0]",0.0,,ER,1
516,46,10,"[0.5, 0.0, 64.0]",1.0,,ER,1
517,47,0,"[0.0, 0.0, 0.0]",0.0,0.3333333333333333,ER,1
518,47,1,"[0.0, 0.0, 0.0]",0.0,0.3333333333333333,ER,1
519,47,2,"[0.0, 0.0, 0.0]",0.0,0.3333333333333333,ER,1
520,47,3,"[0.0, 64.0, 0.0]",0.0,0.3333333333333333,ER,1
521,47,4,"[0.0, 0.0, 64.0]",0.0,,ER,1
522,47,5,"[64.0, 0.0, 0.0]",0.0,,ER,1
523,47,6,"[0.0, 64.0, 0.0]",0.0,0.3333333333333333,ER,1
524,47,7,"[0.0, 0.0, 0.0]",0.0,0.3333333333333333,ER,1
525,47,8,"[0.0, 0.0, 64.0]",0.0,,ER,1
526,47,9,"[64.0, 64.0, 64.0]",0.0,0.3333333333333333,ER,1
527,47,10,"[0.5, 0.0, 64.0]",1.0,,ER,1
528,48,0,"[0.0, 0.0, 0.0]",0.0,,ER,1
529,48,1,"[0.0, 0.0, 0.0]",0.0,,ER,1
530,48,2,"[0.0, 0.0, 0.0]",0.0,,ER,1
531,48,3,"[0.0, 64.0, 0.0]",0.0,0.3333333333333333,ER,1
532,48,4,"[0.0, 0.0, 64.0]",0.0,,ER,1
533,48,5,"[64.0, 0.0, 0.0]",0.0,,ER,1
534,48,6,"[0.0, 64.0, 0.0]",0.0,0.3333333333333333,ER,1
535,48,7,"[0.0, 0.0, 0.0]",0.0,,ER,1
536,48,8,"[0.0, 0.0, 64.0]",0.0,,ER,1
537,48,9,"[64.0, 64.0, 64.0]",0.0,,ER,1
538,48,10,"[0.5, 0.0, 64.0]",1.0,,ER,1
539,49,0,"[0.0, 0.0, 0.0]",0.0,,ER,1
540,49,1,"[0.0, 0.0, 0.0]",0.0,,ER,1
541,49,2,"[0.0, 0.0, 0.0]",0.0,,ER,1
542,49,3,"[0.0, 64.0, 0.0]",0.0,0.3333333333333333,ER,1
543,49,4,"[0.0, 0.0, 64.0]",0.0,1.0,ER,1
544,49,5,"[64.0, 0.0, 0.0]",0.0,,ER,1
545,49,6,"[0.0, 64.0, 0.0]",0.0,0.3333333333333333,ER,1
546,49,7,"[0.0, 0.0, 0.0]",0.0,,ER,1
547,49,8,"[0.0, 0.0, 64.0]",0.0,1.0,ER,1
548,49,9,"[64.0, 64.0, 64.0]",0.0,0.3333333333333333,ER,1
549,49,10,"[0.5, 0.0, 64.0]",1.0,1.0,ER,1
550,50,0,"[0.0, 0.0, 0.0]",0.0,,ER,1
551,50,1,"[0.0, 0.0, 0.0]",0.0,,ER,1
552,50,2,"[0.0, 0.0, 0.0]",0.0,,ER,1
553,50,3,"[0.0, 64.0, 0.0]",0.0,0.3333333333333333,ER,1
554,50,4,"[0.0, 0.0, 64.0]",0.0,,ER,1
555,50,5,"[64.0, 0.0, 0.0]",0.0,,ER,1
556,50,6,"[0.0, 64.0, 0.0]",0.0,0.3333333333333333,ER,1
557,50,7,"[0.0, 0.0, 0.0]",0.0,,ER,1
558,50,8,"[0.0, 0.0, 64.0]",0.0,,ER,1
559,50,9,"[64.0, 64.0, 64.0]",0.0,,ER,1
560,50,10,"[0.5, 0.0, 64.0]",1.0,,ER,1
561,51,0,"[0.0, 0.0, 0.0]",0.0,,ER,1
562,51,1,"[0.0, 0.0, 0.0]",0.0,,ER,1
563,51,2,"[0.0, 0.0, 0.0]",0.0,,ER,1
564,51,3,"[0.0, 64.0, 0.0]",0.0,,ER,1
565,51,4,"[0.0, 0.0, 64.0]",0.0,,ER,1
566,51,5,"[64.0, 0.0, 0.0]",0.0,,ER,1
567,51,6,"[0.0, 64.0, 0.0]",0.0,,ER,1
568,51,7,"[0.0, 0.0, 0.0]",0.0,,ER,1
569,51,8,"[0.0, 0.0, 64.0]",0.0,,ER,1
570,51,9,"[64.0, 64.0, 64.0]",0.0,,ER,1
571,51,10,"[0.5, 0.0, 64.0]",1.0,,ER,1
572,52,0,"[0.0, 0.0, 0.0]",0.0,,ER,1
573,52,1,"[0.0, 0.0, 0.0]",0.0,,ER,1
574,52,2,"[0.0, 0.0, 0.0]",0.0,,ER,1
575,52,3,"[0.0, 64.0, 0.0]",0.0,,ER,1
576,52,4,"[0.0, 0.0, 64.0]",0.0,,ER,1
577,52,5,"[64.0, 0.0, 0.0]",0.0,,ER,1
578,52,6,"[0.0, 64.0, 0.0]",0.0,,ER,1
579,52,7,"[0.0, 0.0, 0.0]",0.0,,ER,1
580,52,8,"[0.0, 0.0, 64.0]",0.0,,ER,1
581,52,9,"[64.0, 64.0, 64.0]",0.0,0.3333333333333333,ER,1
582,52,10,"[0.5, 0.0, 64.0]",1.0,,ER,1
583,53,0,"[0.0, 0.0, 0.0]",0.0,,ER,1
584,53,1,"[0.0, 0.0, 0.0]",0.0,,ER,1
585,53,2,"[0.0, 0.0, 0.0]",0.0,,ER,1
586,53,3,"[0.0, 64.0, 0.0]",0.0,,ER,1
587,53,4,"[0.0, 0.0, 64.0]",0.0,,ER,1
588,53,5,"[64.0, 0.0, 0.0]",0.0,,ER,1
589,53,6,"[0.0, 64.0, 0.0]",0.0,,ER,1
590,53,7,"[0.0, 0.0, 0.0]",0.0,,ER,1
591,53,8,"[0.0, 0.0, 64.0]",0.0,,ER,1
592,53,9,"[64.0, 64.0, 64.0]",0.0,,ER,1
593,53,10,"[0.5, 0.0, 64.0]",1.0,,ER,1
594,54,0,"[0.0, 0.0, 0.0]",0.0,0.3333333333333333,ER,1
595,54,1,"[0.0, 0.0, 0.0]",0.0,0.3333333333333333,ER,1
596,54,2,"[0.0, 0.0, 0.0]",0.0,0.3333333333333333,ER,1
597,54,3,"[0.0, 64.0, 0.0]",0.0,,ER,1
598,54,4,"[0.0, 0.0, 64.0]",0.0,,ER,1
599,54,5,"[64.0, 0.0, 0.0]",0.0,,ER,1
600,54,6,"[0.0, 64.0, 0.0]",0.0,,ER,1
601,54,7,"[0.0, 0.0, 0.0]",0.0,0.3333333333333333,ER,1
602,54,8,"[0.0, 0.0, 64.0]",0.0,,ER,1
603,54,9,"[64.0, 64.0, 64.0]",0.0,,ER,1
604,54,10,"[0.5, 0.0, 64.0]",1.0,,ER,1
605,55,0,"[0.0, 0.0, 0.0]",0.0,,ER,1
606,55,1,"[0.0, 0.0, 0.0]",0.0,,ER,1
607,55,2,"[0.0, 0.0, 0.0]",0.0,,ER,1
608,55,3,"[0.0, 64.0, 0.0]",0.0,0.3333333333333333,ER,1
609,55,4,"[0.0, 0.0, 64.0]",0.0,,ER,1
610,55,5,"[64.0, 0.0, 0.0]",0.0,,ER,1
611,55,6,"[0.0, 64.0, 0.0]",0.0,0.3333333333333333,ER,1
612,55,7,"[0.0, 0.0, 0.0]",0.0,,ER,1
613,55,8,"[0.0, 0.0, 64.0]",0.0,,ER,1
614,55,9,"[64.0, 64.0, 64.0]",0.0,,ER,1
615,55,10,"[0.5, 0.0, 64.0]",1.0,,ER,1
616,56,0,"[0.0, 0.0, 0.0]",0.0,,ER,1
617,56,1,"[0.0, 0.0, 0.0]",0.0,,ER,1
618,56,2,"[0.0, 0.0, 0.0]",0.0,,ER,1
619,56,3,"[0.0, 64.0, 0.0]",0.0,0.3333333333333333,ER,1
620,56,4,"[0.0, 0.0, 64.0]",0.0,,ER,1
621,56,5,"[64.0, 0.0, 0.0]",0.0,,ER,1
622,56,6,"[0.0, 64.0, 0.0]",0.0,0.3333333333333333,ER,1
623,56,7,"[0.0, 0.0, 0.0]",0.0,,ER,1
624,56,8,"[0.0, 0.0, 64.0]",0.0,,ER,1
625,56,9,"[64.0, 64.0, 64.0]",0.0,,ER,1
626,56,10,"[0.5, 0.0, 64.0]",1.0,,ER,1
627,57,0,"[0.0, 0.0, 0.0]",0.0,,ER,1
628,57,1,"[0.0, 0.0, 0.0]",0.0,,ER,1
629,57,2,"[0.0, 0.0, 0.0]",0.0,,ER,1
630,57,3,"[0.0, 64.0, 0.0]",0.0,,ER,1
631,57,4,"[0.0, 0.0, 64.0]",0.0,1.0,ER,1
632,57,5,"[64.0, 0.0, 0.0]",0.0,,ER,1
633,57,6,"[0.0, 64.0, 0.0]",0.0,,ER,1
634,57,7,"[0.0, 0.0, 0.0]",0.0,,ER,1
635,57,8,"[0.0, 0.0, 64.0]",0.0,1.0,ER,1
636,57,9,"[64.0, 64.0, 64.0]",0.0,,ER,1
637,57,10,"[0.5, 0.0, 64.0]",1.0,1.0,ER,1
638,58,0,"[0.0, 0.0, 0.0]",0.0,,ER,1
639,58,1,"[0.0, 0.0, 0.0]",0.0,,ER,1
640,58,2,"[0.0, 0.0, 0.0]",0.0,,ER,1
641,58,3,"[0.0, 64.0, 0.0]",0.0,,ER,1
642,58,4,"[0.0, 0.0, 64.0]",0.0,0.3333333333333333,ER,1
643,58,5,"[64.0, 0.0, 0.0]",0.0,,ER,1
644,58,6,"[0.0, 64.0, 0.0]",0.0,,ER,1
645,58,7,"[0.0, 0.0, 0.0]",0.0,,ER,1
646,58,8,"[0.0, 0.0, 64.0]",0.0,0.3333333333333333,ER,1
647,58,9,"[64.0, 64.0, 64.0]",0.0,,ER,1
648,58,10,"[0.5, 0.0, 64.0]",1.0,0.3333333333333333,ER,1
649,59,0,"[0.0, 0.0, 0.0]",0.0,0.3333333333333333,ER,1
650,59,1,"[0.0, 0.0, 0.0]",0.0,0.3333333333333333,ER,1
651,59,2,"[0.0, 0.0, 0.0]",0.0,0.3333333333333333,ER,1
652,59,3,"[0.0, 64.0, 0.0]",0.0,,ER,1
653,59,4,"[0.0, 0.0, 64.0]",0.0,,ER,1
654,59,5,"[64.0, 0.0, 0.0]",0.0,,ER,1
655,59,6,"[0.0, 64.0, 0.0]",0.0,,ER,1
656,59,7,"[0.0, 0.0, 0.0]",0.0,0.3333333333333333,ER,1
657,59,8,"[0.0, 0.0, 64.0]",0.0,,ER,1
658,59,9,"[64.0, 64.0, 64.0]",0.0,0.3333333333333333,ER,1
659,59,10,"[0.5, 0.0, 64.0]",1.0,,ER,1
660,60,0,"[0.0, 0.0, 0.0]",0.0,,ER,1
661,60,1,"[0.0, 0.0, 0.0]",0.0,,ER,1
662,60,2,"[0.0, 0.0, 0.0]",0.0,,ER,1
663,60,3,"[0.0, 64.0, 0.0]",0.0,0.3333333333333333,ER,1
664,60,4,"[0.0, 0.0, 64.0]",0.0,,ER,1
665,60,5,"[64.0, 0.0, 0.0]",0.0,,ER,1
666,60,6,"[0.0, 64.0, 0.0]",0.0,0.3333333333333333,ER,1
667,60,7,"[0.0, 0.0, 0.0]",0.0,,ER,1
668,60,8,"[0.0, 0.0, 64.0]",0.0,,ER,1
669,60,9,"[64.0, 64.0, 64.0]",0.0,1.0,ER,1
670,60,10,"[0.5, 0.0, 64.0]",1.0,,ER,1
671,61,0,"[0.0, 0.0, 0.0]",0.0,,ER,1
672,61,1,"[0.0, 0.0, 0.0]",0.0,,ER,1
673,61,2,"[0.0, 0.0, 0.0]",0.0,,ER,1
674,61,3,"[0.0, 64.0, 0.0]",0.0,,ER,1
675,61,4,"[0.0, 0.0, 64.0]",0.0,,ER,1
676,61,5,"[64.0, 0.0, 0.0]",0.0,,ER,1
677,61,6,"[0.0, 64.0, 0.0]",0.0,,ER,1
678,61,7,"[0.0, 0.0, 0.0]",0.0,,ER,1
679,61,8,"[0.0, 0.0, 64.0]",0.0,,ER,1
680,61,9,"[64.0, 64.0, 64.0]",0.0,0.3333333333333333,ER,1
681,61,10,"[0.5, 0.0, 64.0]",1.0,,ER,1
682,62,0,"[0.0, 0.0, 0.0]",0.0,,ER,1
683,62,1,"[0.0, 0.0, 0.0]",0.0,,ER,1
684,62,2,"[0.0, 0.0, 0.0]",0.0,,ER,1
685,62,3,"[0.0, 64.0, 0.0]",0.0,,ER,1
686,62,4,"[0.0, 0.0, 64.0]",0.0,0.3333333333333333,ER,1
687,62,5,"[64.0, 0.0, 0.0]",0.0,,ER,1
688,62,6,"[0.0, 64.0, 0.0]",0.0,,ER,1
689,62,7,"[0.0, 0.0, 0.0]",0.0,,ER,1
690,62,8,"[0.0, 0.0, 64.0]",0.0,0.3333333333333333,ER,1
691,62,9,"[64.0, 64.0, 64.0]",0.0,0.3333333333333333,ER,1
692,62,10,"[0.5, 0.0, 64.0]",1.0,0.3333333333333333,ER,1
693,63,0,"[0.0, 0.0, 0.0]",0.0,,ER,1
694,63,1,"[0.0, 0.0, 0.0]",0.0,,ER,1
695,63,2,"[0.0, 0.0, 0.0]",0.0,,ER,1
696,63,3,"[0.0, 64.0, 0.0]",0.0,0.3333333333333333,ER,1
697,63,4,"[0.0, 0.0, 64.0]",0.0,,ER,1
698,63,5,"[64.0, 0.0, 0.0]",0.0,,ER,1
699,63,6,"[0.0, 64.0, 0.0]",0.0,0.3333333333333333,ER,1
700,63,7,"[0.0, 0.0, 0.0]",0.0,,ER,1
701,63,8,"[0.0, 0.0, 64.0]",0.0,,ER,1
702,63,9,"[64.0, 64.0, 64.0]",0.0,,ER,1
703,63,10,"[0.5, 0.0, 64.0]",1.0,,ER,1
704,64,0,"[0.0, 0.0, 0.0]",0.0,0.3333333333333333,ER,1
705,64,1,"[0.0, 0.0, 0.0]",0.0,0.3333333333333333,ER,1
706,64,2,"[0.0, 0.0, 0.0]",0.0,0.3333333333333333,ER,1
707,64,3,"[0.0, 64.0, 0.0]",0.0,,ER,1
708,64,4,"[0.0, 0.0, 64.0]",0.0,,ER,1
709,64,5,"[64.0, 0.0, 0.0]",0.0,,ER,1
710,64,6,"[0.0, 64.0, 0.0]",0.0,,ER,1
711,64,7,"[0.0, 0.0, 0.0]",0.0,0.3333333333333333,ER,1
712,64,8,"[0.0, 0.0, 64.0]",0.0,,ER,1
713,64,9,"[64.0, 64.0, 64.0]",0.0,0.3333333333333333,ER,1
714,64,10,"[0.5, 0.0, 64.0]",1.0,,ER,1
715,65,0,"[0.0, 0.0, 0.0]",0.0,1.0,ER,1
716,65,1,"[0.0, 0.0, 0.0]",0.0,1.0,ER,1
717,65,2,"[0.0, 0.0, 0.0]",0.0,1.0,ER,1
718,65,3,"[0.0, 64.0, 0.0]",0.0,,ER,1
719,65,4,"[0.0, 0.0, 64.0]",0.0,,ER,1
720,65,5,"[64.0, 0.0, 0.0]",0.0,,ER,1
721,65,6,"[0.0, 64.0, 0.0]",0.0,,ER,1
722,65,7,"[0.0, 0.0, 0.0]",0.0,1.0,ER,1
723,65,8,"[0.0, 0.0, 64.0]",0.0,,ER,1
724,65,9,"[64.0, 64.0, 64.0]",0.0,0.3333333333333333,ER,1
725,65,10,"[0.5, 0.0, 64.0]",1.0,0.3333333333333333,ER,1
726,66,0,"[0.0, 0.0, 0.0]",0.0,,ER,1
727,66,1,"[0.0, 0.0, 0.0]",0.0,,ER,1
728,66,2,"[0.0, 0.0, 0.0]",0.0,,ER,1
729,66,3,"[0.0, 64.0, 0.0]",0.0,0.3333333333333333,ER,1
730,66,4,"[0.0, 0.0, 64.0]",0.0,,ER,1
731,66,5,"[64.0, 0.0, 0.0]",0.0,,ER,1
732,66,6,"[0.0, 64.0, 0.0]",0.0,0.3333333333333333,ER,1
733,66,7,"[0.0, 0.0, 0.0]",0.0,,ER,1
734,66,8,"[0.0, 0.0, 64.0]",0.0,,ER,1
735,66,9,"[64.0, 64.0, 64.0]",0.0,,ER,1
736,66,10,"[0.5, 0.0, 64.0]",1.0,1.0,ER,1
737,67,0,"[0.0, 0.0, 0.0]",0.0,0.3333333333333333,ER,1
738,67,1,"[0.0, 0.0, 0.0]",0.0,0.3333333333333333,ER,1
739,67,2,"[0.0, 0.0, 0.0]",0.0,0.3333333333333333,ER,1
740,67,3,"[0.0, 64.0, 0.0]",0.0,,ER,1
741,67,4,"[0.0, 0.0, 64.0]",0.0,,ER,1
742,67,5,"[64.0, 0.0, 0.0]",0.0,,ER,1
743,67,6,"[0.0, 64.0, 0.0]",0.0,,ER,1
744,67,7,"[0.0, 0.0, 0.0]",0.0,0.3333333333333333,ER,1
745,67,8,"[0.0, 0.0, 64.0]",0.0,,ER,1
746,67,9,"[64.0, 64.0, 64.0]",0.0,,ER,1
747,67,10,"[0.5, 0.0, 64.0]",1.0,,ER,1
748,68,0,"[0.0, 0.0, 0.0]",0.0,0.3333333333333333,ER,1
749,68,1,"[0.0, 0.0, 0.0]",0.0,0.3333333333333333,ER,1
750,68,2,"[0.0, 0.0, 0.0]",0.0,0.3333333333333333,ER,1
751,68,3,"[0.0, 64.0, 0.0]",0.0,0.3333333333333333,ER,1
752,68,4,"[0.0, 0.0, 64.0]",0.0,,ER,1
753,68,5,"[64.0, 0.0, 0.0]",0.0,,ER,1
754,68,6,"[0.0, 64.0, 0.0]",0.0,0.3333333333333333,ER,1
755,68,7,"[0.0, 0.0, 0.0]",0.0,0.3333333333333333,ER,1
756,68,8,"[0.0, 0.0, 64.0]",0.0,,ER,1
757,68,9,"[64.0, 64.0, 64.0]",0.0,,ER,1
758,68,10,"[0.5, 0.0, 64.0]",1.0,0.3333333333333333,ER,1
759,69,0,"[0.0, 0.0, 0.0]",0.0,,ER,1
760,69,1,"[0.0, 0.0, 0.0]",0.0,,ER,1
761,69,2,"[0.0, 0.0, 0.0]",0.0,,ER,1
762,69,3,"[0.0, 64.0, 0.0]",0.0,,ER,1
763,69,4,"[0.0, 0.0, 64.0]",0.0,0.3333333333333333,ER,1
764,69,5,"[64.0, 0.0, 0.0]",0.0,,ER,1
765,69,6,"[0.0, 64.0, 0.0]",0.0,,ER,1
766,69,7,"[0.0, 0.0, 0.0]",0.0,,ER,1
767,69,8,"[0.0, 0.0, 64.0]",0.0,0.3333333333333333,ER,1
768,69,9,"[64.0, 64.0, 64.0]",0.0,,ER,1
769,69,10,"[0.5, 0.0, 64.0]",1.0,0.3333333333333333,ER,1
770,70,0,"[0.0, 0.0, 0.0]",0.0,,ER,1
771,70,1,"[0.0, 0.0, 0.0]",0.0,,ER,1
772,70,2,"[0.0, 0.0, 0.0]",0.0,,ER,1
773,70,3,"[0.0, 64.0, 0.0]",0.0,0.3333333333333333,ER,1
774,70,4,"[0.0, 0.0, 64.0]",0.0,,ER,1
775,70,5,"[64.0, 0.0, 0.0]",0.0,,ER,1
776,70,6,"[0.0, 64.0, 0.0]",0.0,0.3333333333333333,ER,1
777,70,7,"[0.0, 0.0, 0.0]",0.0,,ER,1
778,70,8,"[0.0, 0.0, 64.0]",0.0,,ER,1
779,70,9,"[64.0, 64.0, 64.0]",0.0,,ER,1
780,70,10,"[0.5, 0.0, 64.0]",1.0,,ER,1
781,71,0,"[0.0, 0.0, 0.0]",0.0,0.3333333333333333,ER,1
782,71,1,"[0.0, 0.0, 0.0]",0.0,0.3333333333333333,ER,1
783,71,2,"[0.0, 0.0, 0.0]",0.0,0.3333333333333333,ER,1
784,71,3,"[0.0, 64.0, 0.0]",0.0,0.3333333333333333,ER,1
785,71,4,"[0.0, 0.0, 64.0]",0.0,,ER,1
786,71,5,"[64.0, 0.0, 0.0]",0.0,,ER,1
787,71,6,"[0.0, 64.0, 0.0]",0.0,0.3333333333333333,ER,1
788,71,7,"[0.0, 0.0, 0.0]",0.0,0.3333333333333333,ER,1
789,71,8,"[0.0, 0.0, 64.0]",0.0,,ER,1
790,71,9,"[64.0, 64.0, 64.0]",0.0,,ER,1
791,71,10,"[0.5, 0.0, 64.0]",1.0,,ER,1
792,72,0,"[0.0, 0.0, 0.0]",0.0,0.3333333333333333,ER,1
793,72,1,"[0.0, 0.0, 0.0]",0.0,0.3333333333333333,ER,1
794,72,2,"[0.0, 0.0, 0.0]",0.0,0.3333333333333333,ER,1
795,72,3,"[0.0, 64.0, 0.0]",0.0,,ER,1
796,72,4,"[0.0, 0.0, 64.0]",0.0,,ER,1
797,72,5,"[64.0, 0.0, 0.0]",0.0,,ER,1
798,72,6,"[0.0, 64.0, 0.0]",0.0,,ER,1
799,72,7,"[0.0, 0.0, 0.0]",0.0,0.3333333333333333,ER,1
800,72,8,"[0.0, 0.0, 64.0]",0.0,,ER,1
801,72,9,"[64.0, 64.0, 64.0]",0.0,,ER,1
802,72,10,"[0.5, 0.0, 64.0]",1.0,,ER,1
803,73,0,"[0.0, 0.0, 0.0]",0.0,0.3333333333333333,ER,1
804,73,1,"[0.0, 0.0, 0.0]",0.0,0.3333333333333333,ER,1
805,73,2,"[0.0, 0.0, 0.0]",0.0,0.3333333333333333,ER,1
806,73,3,"[0.0, 64.0, 0.0]",0.0,0.3333333333333333,ER,1
807,73,4,"[0.0, 0.0, 64.0]",0.0,,ER,1
808,73,5,"[64.0, 0.0, 0.0]",0.0,,ER,1
809,73,6,"[0.0, 64.0, 0.0]",0.0,0.3333333333333333,ER,1
810,73,7,"[0.0, 0.0, 0.0]",0.0,0.3333333333333333,ER,1
811,73,8,"[0.0, 0.0, 64.0]",0.0,,ER,1
812,73,9,"[64.0, 64.0, 64.0]",0.0,0.3333333333333333,ER,1
813,73,10,"[0.5, 0.0, 64.0]",1.0,,ER,1
814,74,0,"[0.0, 0.0, 0.0]",0.0,,ER,1
815,74,1,"[0.0, 0.0, 0.0]",0.0,,ER,1
816,74,2,"[0.0, 0.0, 0.0]",0.0,,ER,1
817,74,3,"[0.0, 64.0, 0.0]",0.0,,ER,1
818,74,4,"[0.0, 0.0, 64.0]",0.0,0.3333333333333333,ER,1
819,74,5,"[64.0, 0.0, 0.0]",0.0,,ER,1
820,74,6,"[0.0, 64.0, 0.0]",0.0,,ER,1
821,74,7,"[0.0, 0.0, 0.0]",0.0,,ER,1
822,74,8,"[0.0, 0.0, 64.0]",0.0,0.3333333333333333,ER,1
823,74,9,"[64.0, 64.0, 64.0]",0.0,,ER,1
824,74,10,"[0.5, 0.0, 64.0]",1.0,0.3333333333333333,ER,1
825,75,0,"[0.0, 0.0, 0.0]",0.0,1.0,ER,1
826,75,1,"[0.0, 0.0, 0.0]",0.0,1.0,ER,1
827,75,2,"[0.0, 0.0, 0.0]",0.0,1.0,ER,1
828,75,3,"[0.0, 64.0, 0.0]",0.0,,ER,1
829,75,4,"[0.0, 0.0, 64.0]",0.0,,ER,1
830,75,5,"[64.0, 0.0, 0.0]",0.0,,ER,1
831,75,6,"[0.0, 64.0, 0.0]",0.0,,ER,1
832,75,7,"[0.0, 0.0, 0.0]",0.0,1.0,ER,1
833,75,8,"[0.0, 0.0, 64.0]",0.0,,ER,1
834,75,9,"[64.0, 64.0, 64.0]",0.0,0.3333333333333333,ER,1
835,75,10,"[0.5, 0.0, 64.0]",1.0,,ER,1
836,76,0,"[0.0, 0.0, 0.0]",0.0,,ER,1
837,76,1,"[0.0, 0.0, 0.0]",0.0,,ER,1
838,76,2,"[0.0, 0.0, 0.0]",0.0,,ER,1
839,76,3,"[0.0, 64.0, 0.0]",0.0,0.3333333333333333,ER,1
840,76,4,"[0.0, 0.0, 64.0]",0.0,0.3333333333333333,ER,1
841,76,5,"[64.0, 0.0, 0.0]",0.0,,ER,1
842,76,6,"[0.0, 64.0, 0.0]",0.0,0.3333333333333333,ER,1
843,76,7,"[0.0, 0.0, 0.0]",0.0,,ER,1
844,76,8,"[0.0, 0.0, 64.0]",0.0,0.3333333333333333,ER,1
845,76,9,"[64.0, 64.0, 64.0]",0.0,0.3333333333333333,ER,1
846,76,10,"[0.5, 0.0, 64.0]",1.0,0.3333333333333333,ER,1
847,77,0,"[0.0, 0.0, 0.0]",0.0,,ER,1
848,77,1,"[0.0, 0.0, 0.0]",0.0,,ER,1
849,77,2,"[0.0, 0.0, 0.0]",0.0,,ER,1
850,77,3,"[0.0, 64.0, 0.0]",0.0,,ER,1
851,77,4,"[0.0, 0.0, 64.0]",0.0,0.3333333333333333,ER,1
852,77,5,"[64.0, 0.0, 0.0]",0.0,,ER,1
853,77,6,"[0.0, 64.0, 0.0]",0.0,,ER,1
854,77,7,"[0.0, 0.0, 0.0]",0.0,,ER,1
855,77,8,"[0.0, 0.0, 64.0]",0.0,0.3333333333333333,ER,1
856,77,9,"[64.0, 64.0, 64.0]",0.0,,ER,1
857,77,10,"[0.5, 0.0, 64.0]",1.0,0.3333333333333333,ER,1
858,78,0,"[0.0, 0.0, 0.0]",0.0,,ER,1
859,78,1,"[0.0, 0.0, 0.0]",0.0,,ER,1
860,78,2,"[0.0, 0.0, 0.0]",0.0,,ER,1
861,78,3,"[0.0, 64.0, 0.0]",0.0,0.3333333333333333,ER,1
862,78,4,"[0.0, 0.0, 64.0]",0.0,,ER,1
863,78,5,"[64.0, 0.0, 0.0]",0.0,,ER,1
864,78,6,"[0.0, 64.0, 0.0]",0.0,0.3333333333333333,ER,1
865,78,7,"[0.0, 0.0, 0.0]",0.0,,ER,1
866,78,8,"[0.0, 0.0, 64.0]",0.0,,ER,1
867,78,9,"[64.0, 64.0, 64.0]",0.0,0.3333333333333333,ER,1
868,78,10,"[0.5, 0.0, 64.0]",1.0,,ER,1
869,79,0,"[0.0, 0.0, 0.0]",0.0,0.3333333333333333,ER,1
870,79,1,"[0.0, 0.0, 0.0]",0.0,0.3333333333333333,ER,1
871,79,2,"[0.0, 0.0, 0.0]",0.0,0.3333333333333333,ER,1
872,79,3,"[0.0, 64.0, 0.0]",0.0,,ER,1
873,79,4,"[0.0, 0.0, 64.0]",0.0,,ER,1
874,79,5,"[64.0, 0.0, 0.0]",0.0,,ER,1
875,79,6,"[0.0, 64.0, 0.0]",0.0,,ER,1
876,79,7,"[0.0, 0.0, 0.0]",0.0,0.3333333333333333,ER,1
877,79,8,"[0.0, 0.0, 64.0]",0.0,,ER,1
878,79,9,"[64.0, 64.0, 64.0]",0.0,,ER,1
879,79,10,"[0.5, 0.0, 64.0]",1.0,,ER,1
880,80,0,"[0.0, 0.0, 0.0]",0.0,0.3333333333333333,ER,1
881,80,1,"[0.0, 0.0, 0.0]",0.0,0.3333333333333333,ER,1
882,80,2,"[0.0, 0.0, 0.0]",0.0,0.3333333333333333,ER,1
883,80,3,"[0.0, 64.0, 0.0]",0.0,,ER,1
884,80,4,"[0.0, 0.0, 64.0]",0.0,,ER,1
885,80,5,"[64.0, 0.0, 0.0]",0.0,,ER,1
886,80,6,"[0.0, 64.0, 0.0]",0.0,,ER,1
887,80,7,"[0.0, 0.0, 0.0]",0.0,0.3333333333333333,ER,1
888,80,8,"[0.0, 0.0, 64.0]",0.0,,ER,1
889,80,9,"[64.0, 64.0, 64.0]",0.0,,ER,1
890,80,10,"[0.5, 0.0, 64.0]",1.0,,ER,1
891,81,0,"[0.0, 0.0, 0.0]",0.0,,ER,1
892,81,1,"[0.0, 0.0, 0.0]",0.0,,ER,1
893,81,2,"[0.0, 0.0, 0.0]",0.0,,ER,1
894,81,3,"[0.0, 64.0, 0.0]",0.0,0.3333333333333333,ER,1
895,81,4,"[0.0, 0.0, 64.0]",0.0,0.3333333333333333,ER,1
896,81,5,"[64.0, 0.0, 0.0]",0.0,,ER,1
897,81,6,"[0.0, 64.0, 0.0]",0.0,0.3333333333333333,ER,1
898,81,7,"[0.0, 0.0, 0.0]",0.0,,ER,1
899,81,8,"[0.0, 0.0, 64.0]",0.0,0.3333333333333333,ER,1
900,81,9,"[64.0, 64.0, 64.0]",0.0,,ER,1
901,81,10,"[0.5, 0.0, 64.0]",1.0,0.3333333333333333,ER,1
902,82,0,"[0.0, 0.0, 0.0]",0.0,,ER,1
903,82,1,"[0.0, 0.0, 0.0]",0.0,,ER,1
904,82,2,"[0.0, 0.0, 0.0]",0.0,,ER,1
905,82,3,"[0.0, 64.0, 0.0]",0.0,0.3333333333333333,ER,1
906,82,4,"[0.0, 0.0, 64.0]",0.0,,ER,1
907,82,5,"[64.0, 0.0, 0.0]",0.0,,ER,1
908,82,6,"[0.0, 64.0, 0.0]",0.0,0.3333333333333333,ER,1
909,82,7,"[0.0, 0.0, 0.0]",0.0,,ER,1
910,82,8,"[0.0, 0.0, 64.0]",0.0,,ER,1
911,82,9,"[64.0, 64.0, 64.0]",0.0,,ER,1
912,82,10,"[0.5, 0.0, 64.0]",1.0,,ER,1
913,83,0,"[0.0, 0.0, 0.0]",0.0,,ER,1
914,83,1,"[0.0, 0.0, 0.0]",0.0,,ER,1
915,83,2,"[0.0, 0.0, 0.0]",0.0,,ER,1
916,83,3,"[0.0, 64.0, 0.0]",0.0,0.3333333333333333,ER,1
917,83,4,"[0.0, 0.0, 64.0]",0.0,,ER,1
918,83,5,"[64.0, 0.0, 0.0]",0.0,,ER,1
919,83,6,"[0.0, 64.0, 0.0]",0.0,0.3333333333333333,ER,1
920,83,7,"[0.0, 0.0, 0.0]",0.0,,ER,1
921,83,8,"[0.0, 0.0, 64.0]",0.0,,ER,1
922,83,9,"[64.0, 64.0, 64.0]",0.0,,ER,1
923,83,10,"[0.5, 0.0, 64.0]",1.0,,ER,1
924,84,0,"[0.0, 0.0, 0.0]",0.0,0.3333333333333333,ER,1
925,84,1,"[0.0, 0.0, 0.0]",0.0,0.3333333333333333,ER,1
926,84,2,"[0.0, 0.0, 0.0]",0.0,0.3333333333333333,ER,1
927,84,3,"[0.0, 64.0, 0.0]",0.0,0.3333333333333333,ER,1
928,84,4,"[0.0, 0.0, 64.0]",0.0,0.3333333333333333,ER,1
929,84,5,"[64.0, 0.0, 0.0]",0.0,,ER,1
930,84,6,"[0.0, 64.0, 0.0]",0.0,0.3333333333333333,ER,1
931,84,7,"[0.0, 0.0, 0.0]",0.0,0.3333333333333333,ER,1
932,84,8,"[0.0, 0.0, 64.0]",0.0,0.3333333333333333,ER,1
933,84,9,"[64.0, 64.0, 64.0]",0.0,,ER,1
934,84,10,"[0.5, 0.0, 64.0]",1.0,0.3333333333333333,ER,1
935,85,0,"[0.0, 0.0, 0.0]",0.0,0.3333333333333333,ER,1
936,85,1,"[0.0, 0.0, 0.0]",0.0,0.3333333333333333,ER,1
937,85,2,"[0.0, 0.0, 0.0]",0.0,0.3333333333333333,ER,1
938,85,3,"[0.0, 64.0, 0.0]",0.0,,ER,1
939,85,4,"[0.0, 0.0, 64.0]",0.0,0.3333333333333333,ER,1
940,85,5,"[64.0, 0.0, 0.0]",0.0,,ER,1
941,85,6,"[0.0, 64.0, 0.0]",0.0,,ER,1
942,85,7,"[0.0, 0.0, 0.0]",0.0,0.3333333333333333,ER,1
943,85,8,"[0.0, 0.0, 64.0]",0.0,0.3333333333333333,ER,1
944,85,9,"[64.0, 64.0, 64.0]",0.0,,ER,1
945,85,10,"[0.5, 0.0, 64.0]",1.0,0.3333333333333333,ER,1
946,86,0,"[0.0, 0.0, 0.0]",0.0,,ER,1
947,86,1,"[0.0, 0.0, 0.0]",0.0,,ER,1
948,86,2,"[0.0, 0.0, 0.0]",0.0,,ER,1
949,86,3,"[0.0, 64.0, 0.0]",0.0,,ER,1
950,86,4,"[0.0, 0.0, 64.0]",0.0,,ER,1
951,86,5,"[64.0, 0.0, 0.0]",0.0,,ER,1
952,86,6,"[0.0, 64.0, 0.0]",0.0,,ER,1
953,86,7,"[0.0, 0.0, 0.0]",0.0,,ER,1
954,86,8,"[0.0, 0.0, 64.0]",0.0,,ER,1
955,86,9,"[64.0, 64.0, 64.0]",0.0,,ER,1
956,86,10,"[0.5, 0.0, 64.0]",1.0,0.3333333333333333,ER,1
957,87,0,"[0.0, 0.0, 0.0]",0.0,,ER,1
958,87,1,"[0.0, 0.0, 0.0]",0.0,,ER,1
959,87,2,"[0.0, 0.0, 0.0]",0.0,,ER,1
960,87,3,"[0.0, 64.0, 0.0]",0.0,0.3333333333333333,ER,1
961,87,4,"[0.0, 0.0, 64.0]",0.0,0.3333333333333333,ER,1
962,87,5,"[64.0, 0.0, 0.0]",0.0,,ER,1
963,87,6,"[0.0, 64.0, 0.0]",0.0,0.3333333333333333,ER,1
964,87,7,"[0.0, 0.0, 0.0]",0.0,,ER,1
965,87,8,"[0.0, 0.0, 64.0]",0.0,0.3333333333333333,ER,1
966,87,9,"[64.0, 64.0, 64.0]",0.0,0.3333333333333333,ER,1
967,87,10,"[0.5, 0.0, 64.0]",1.0,0.3333333333333333,ER,1
968,88,0,"[0.0, 0.0, 0.0]",0.0,,ER,1
969,88,1,"[0.0, 0.0, 0.0]",0.0,,ER,1
970,88,2,"[0.0, 0.0, 0.0]",0.0,,ER,1
971,88,3,"[0.0, 64.0, 0.0]",0.0,,ER,1
972,88,4,"[0.0, 0.0, 64.0]",0.0,0.3333333333333333,ER,1
973,88,5,"[64.0, 0.0, 0.0]",0.0,,ER,1
974,88,6,"[0.0, 64.0, 0.0]",0.0,,ER,1
975,88,7,"[0.0, 0.0, 0.0]",0.0,,ER,1
976,88,8,"[0.0, 0.0, 64.0]",0.0,0.3333333333333333,ER,1
977,88,9,"[64.0, 64.0, 64.0]",0.0,,ER,1
978,88,10,"[0.5, 0.0, 64.0]",1.0,0.3333333333333333,ER,1
979,89,0,"[0.0, 0.0, 0.0]",0.0,,ER,1
980,89,1,"[0.0, 0.0, 0.0]",0.0,,ER,1
981,89,2,"[0.0, 0.0, 0.0]",0.0,,ER,1
982,89,3,"[0.0, 64.0, 0.0]",0.0,0.3333333333333333,ER,1
983,89,4,"[0.0, 0.0, 64.0]",0.0,0.3333333333333333,ER,1
984,89,5,"[64.0, 0.0, 0.0]",0.0,,ER,1
985,89,6,"[0.0, 64.0, 0.0]",0.0,0.3333333333333333,ER,1
986,89,7,"[0.0, 0.0, 0.0]",0.0,,ER,1
987,89,8,"[0.0, 0.0, 64.0]",0.0,0.3333333333333333,ER,1
988,89,9,"[64.0, 64.0, 64.0]",0.0,,ER,1
989,89,10,"[0.5, 0.0, 64.0]",1.0,0.3333333333333333,ER,1
990,90,0,"[0.0, 0.0, 0.0]",0.0,1.0,ER,1
991,90,1,"[0.0, 0.0, 0.0]",0.0,1.0,ER,1
992,90,2,"[0.0, 0.0, 0.0]",0.0,1.0,ER,1
993,90,3,"[0.0, 64.0, 0.0]",0.0,,ER,1
994,90,4,"[0.0, 0.0, 64.0]",0.0,,ER,1
995,90,5,"[64.0, 0.0, 0.0]",0.0,,ER,1
996,90,6,"[0.0, 64.0, 0.0]",0.0,,ER,1
997,90,7,"[0.0, 0.0, 0.0]",0.0,1.0,ER,1
998,90,8,"[0.0, 0.0, 64.0]",0.0,,ER,1
999,90,9,"[64.0, 64.0, 64.0]",0.0,,ER,1
1000,90,10,"[0.5, 0.0, 64.0]",1.0,,ER,1
1001,91,0,"[0.0, 0.0, 0.0]",0.0,0.3333333333333333,ER,1
1002,91,1,"[0.0, 0.0, 0.0]",0.0,0.3333333333333333,ER,1
1003,91,2,"[0.0, 0.0, 0.0]",0.0,0.3333333333333333,ER,1
1004,91,3,"[0.0, 64.0, 0.0]",0.0,0.6666666666666666,ER,1
1005,91,4,"[0.0, 0.0, 64.0]",0.0,,ER,1
1006,91,5,"[64.0, 0.0, 0.0]",0.0,,ER,1
1007,91,6,"[0.0, 64.0, 0.0]",0.0,0.6666666666666666,ER,1
1008,91,7,"[0.0, 0.0, 0.0]",0.0,0.3333333333333333,ER,1
1009,91,8,"[0.0, 0.0, 64.0]",0.0,,ER,1
1010,91,9,"[64.0, 64.0, 64.0]",0.0,0.3333333333333333,ER,1
1011,91,10,"[0.5, 0.0, 64.0]",1.0,,ER,1
1012,92,0,"[0.0, 0.0, 0.0]",0.0,,ER,1
1013,92,1,"[0.0, 0.0, 0.0]",0.0,,ER,1
1014,92,2,"[0.0, 0.0, 0.0]",0.0,,ER,1
1015,92,3,"[0.0, 64.0, 0.0]",0.0,0.3333333333333333,ER,1
1016,92,4,"[0.0, 0.0, 64.0]",0.0,,ER,1
1017,92,5,"[64.0, 0.0, 0.0]",0.0,,ER,1
1018,92,6,"[0.0, 64.0, 0.0]",0.0,0.3333333333333333,ER,1
1019,92,7,"[0.0, 0.0, 0.0]",0.0,,ER,1
1020,92,8,"[0.0, 0.0, 64.0]",0.0,,ER,1
1021,92,9,"[64.0, 64.0, 64.0]",0.0,,ER,1
1022,92,10,"[0.5, 0.0, 64.0]",1.0,,ER,1
1023,93,0,"[0.0, 0.0, 0.0]",0.0,0.3333333333333333,ER,1
1024,93,1,"[0.0, 0.0, 0.0]",0.0,0.3333333333333333,ER,1
1025,93,2,"[0.0, 0.0, 0.0]",0.0,0.3333333333333333,ER,1
1026,93,3,"[0.0, 64.0, 0.0]",0.0,0.3333333333333333,ER,1
1027,93,4,"[0.0, 0.0, 64.0]",0.0,,ER,1
1028,93,5,"[64.0, 0.0, 0.0]",0.0,,ER,1
1029,93,6,"[0.0, 64.0, 0.0]",0.0,0.3333333333333333,ER,1
1030,93,7,"[0.0, 0.0, 0.0]",0.0,0.3333333333333333,ER,1
1031,93,8,"[0.0, 0.0, 64.0]",0.0,,ER,1
1032,93,9,"[64.0, 64.0, 64.0]",0.0,0.3333333333333333,ER,1
1033,93,10,"[0.5, 0.0, 64.0]",1.0,,ER,1
1034,94,0,"[0.0, 0.0, 0.0]",0.0,,ER,1
1035,94,1,"[0.0, 0.0, 0.0]",0.0,,ER,1
1036,94,2,"[0.0, 0.0, 0.0]",0.0,,ER,1
1037,94,3,"[0.0, 64.0, 0.0]",0.0,,ER,1
1038,94,4,"[0.0, 0.0, 64.0]",0.0,0.3333333333333333,ER,1
1039,94,5,"[64.0, 0.0, 0.0]",0.0,,ER,1
1040,94,6,"[0.0, 64.0, 0.0]",0.0,,ER,1
1041,94,7,"[0.0, 0.0, 0.0]",0.0,,ER,1
1042,94,8,"[0.0, 0.0, 64.0]",0.0,0.3333333333333333,ER,1
1043,94,9,"[64.0, 64.0, 64.0]",0.0,,ER,1
1044,94,10,"[0.5, 0.0, 64.0]",1.0,0.3333333333333333,ER,1
1045,95,0,"[0.0, 0.0, 0.0]",0.0,0.3333333333333333,ER,1
1046,95,1,"[0.0, 0.0, 0.0]",0.0,0.3333333333333333,ER,1
1047,95,2,"[0.0, 0.0, 0.0]",0.0,0.3333333333333333,ER,1
1048,95,3,"[0.0, 64.0, 0.0]",0.0,,ER,1
1049,95,4,"[0.0, 0.0, 64.0]",0.0,,ER,1
1050,95,5,"[64.0, 0.0, 0.0]",0.0,,ER,1
1051,95,6,"[0.0, 64.0, 0.0]",0.0,,ER,1
1052,95,7,"[0.0, 0.0, 0.0]",0.0,0.3333333333333333,ER,1
1053,95,8,"[0.0, 0.0, 64.0]",0.0,,ER,1
1054,95,9,"[64.0, 64.0, 64.0]",0.0,,ER,1
1055,95,10,"[0.5, 0.0, 64.0]",1.0,,ER,1
1056,96,0,"[0.0, 0.0, 0.0]",0.0,0.3333333333333333,ER,1
1057,96,1,"[0.0, 0.0, 0.0]",0.0,0.3333333333333333,ER,1
1058,96,2,"[0.0, 0.0, 0.0]",0.0,0.3333333333333333,ER,1
1059,96,3,"[0.0, 64.0, 0.0]",0.0,,ER,1
1060,96,4,"[0.0, 0.0, 64.0]",0.0,,ER,1
1061,96,5,"[64.0, 0.0, 0.0]",0.0,,ER,1
1062,96,6,"[0.0, 64.0, 0.0]",0.0,,ER,1
1063,96,7,"[0.0, 0.0, 0.0]",0.0,0.3333333333333333,ER,1
1064,96,8,"[0.0, 0.0, 64.0]",0.0,,ER,1
1065,96,9,"[64.0, 64.0, 64.0]",0.0,,ER,1
1066,96,10,"[0.5, 0.0, 64.0]",1.0,,ER,1
1067,97,0,"[0.0, 0.0, 0.0]",0.0,,ER,1
1068,97,1,"[0.0, 0.0, 0.0]",0.0,,ER,1
1069,97,2,"[0.0, 0.0, 0.0]",0.0,,ER,1
1070,97,3,"[0.0, 64.0, 0.0]",0.0,1.0,ER,1
1071,97,4,"[0.0, 0.0, 64.0]",0.0,0.3333333333333333,ER,1
1072,97,5,"[64.0, 0.0, 0.0]",0.0,,ER,1
1073,97,6,"[0.0, 64.0, 0.0]",0.0,1.0,ER,1
1074,97,7,"[0.0, 0.0, 0.0]",0.0,,ER,1
1075,97,8,"[0.0, 0.0, 64.0]",0.0,0.3333333333333333,ER,1
1076,97,9,"[64.0, 64.0, 64.0]",0.0,1.0,ER,1
1077,97,10,"[0.5, 0.0, 64.0]",1.0,0.3333333333333333,ER,1
1078,98,0,"[0.0, 0.0, 0.0]",0.0,1.0,ER,1
1079,98,1,"[0.0, 0.0, 0.0]",0.0,1.0,ER,1
1080,98,2,"[0.0, 0.0, 0.0]",0.0,1.0,ER,1
1081,98,3,"[0.0, 64.0, 0.0]",0.0,1.0,ER,1
1082,98,4,"[0.0, 0.0, 64.0]",0.0,0.3333333333333333,ER,1
1083,98,5,"[64.0, 0.0, 0.0]",0.0,,ER,1
1084,98,6,"[0.0, 64.0, 0.0]",0.0,1.0,ER,1
1085,98,7,"[0.0, 0.0, 0.0]",0.0,1.0,ER,1
1086,98,8,"[0.0, 0.0, 64.0]",0.0,0.3333333333333333,ER,1
1087,98,9,"[64.0, 64.0, 64.0]",0.0,0.3333333333333333,ER,1
1088,98,10,"[0.5, 0.0, 64.0]",1.0,0.3333333333333333,ER,1
1089,99,0,"[0.0, 0.0, 0.0]",0.0,,ER,1
1090,99,1,"[0.0, 0.0, 0.0]",0.0,,ER,1
1091,99,2,"[0.0, 0.0, 0.0]",0.0,,ER,1
1092,99,3,"[0.0, 64.0, 0.0]",0.0,,ER,1
1093,99,4,"[0.0, 0.0, 64.0]",0.0,,ER,1
1094,99,5,"[64.0, 0.0, 0.0]",0.0,,ER,1
1095,99,6,"[0.0, 64.0, 0.0]",0.0,,ER,1
1096,99,7,"[0.0, 0.0, 0.0]",0.0,,ER,1
1097,99,8,"[0.0, 0.0, 64.0]",0.0,,ER,1
1098,99,9,"[64.0, 64.0, 64.0]",0.0,,ER,1
1099,99,10,"[0.5, 0.0, 64.0]",1.0,,ER,1
1100,100,0,"[0.0, 0.0, 0.0]",0.0,1.0,ER,1
1101,100,1,"[0.0, 0.0, 0.0]",0.0,1.0,ER,1
1102,100,2,"[0.0, 0.0, 0.0]",0.0,1.0,ER,1
1103,100,3,"[0.0, 64.0, 0.0]",0.0,,ER,1
1104,100,4,"[0.0, 0.0, 64.0]",0.0,1.0,ER,1
1105,100,5,"[64.0, 0.0, 0.0]",0.0,,ER,1
1106,100,6,"[0.0, 64.0, 0.0]",0.0,,ER,1
1107,100,7,"[0.0, 0.0, 0.0]",0.0,1.0,ER,1
1108,100,8,"[0.0, 0.0, 64.0]",0.0,1.0,ER,1
1109,100,9,"[64.0, 64.0, 64.0]",0.0,0.3333333333333333,ER,1
1110,100,10,"[0.5, 0.0, 64.0]",1.0,1.0,ER,1
1111,101,0,"[0.0, 0.0, 0.0]",0.0,0.3333333333333333,ER,1
1112,101,1,"[0.0, 0.0, 0.0]",0.0,0.3333333333333333,ER,1
1113,101,2,"[0.0, 0.0, 0.0]",0.0,0.3333333333333333,ER,1
1114,101,3,"[0.0, 64.0, 0.0]",0.0,,ER,1
1115,101,4,"[0.0, 0.0, 64.0]",0.0,,ER,1
1116,101,5,"[64.0, 0.0, 0.0]",0.0,,ER,1
1117,101,6,"[0.0, 64.0, 0.0]",0.0,,ER,1
1118,101,7,"[0.0, 0.0, 0.0]",0.0,0.3333333333333333,ER,1
1119,101,8,"[0.0, 0.0, 64.0]",0.0,,ER,1
1120,101,9,"[64.0, 64.0, 64.0]",0.0,,ER,1
1121,101,10,"[0.5, 0.0, 64.0]",1.0,,ER,1
1122,102,0,"[0.0, 0.0, 0.0]",0.0,,ER,1
1123,102,1,"[0.0, 0.0, 0.0]",0.0,,ER,1
1124,102,2,"[0.0, 0.0, 0.0]",0.0,,ER,1
1125,102,3,"[0.0, 64.0, 0.0]",0.0,0.3333333333333333,ER,1
1126,102,4,"[0.0, 0.0, 64.0]",0.0,,ER,1
1127,102,5,"[64.0, 0.0, 0.0]",0.0,,ER,1
1128,102,6,"[0.0, 64.0, 0.0]",0.0,0.3333333333333333,ER,1
1129,102,7,"[0.0, 0.0, 0.0]",0.0,,ER,1
1130,102,8,"[0.0, 0.0, 64.0]",0.0,,ER,1
1131,102,9,"[64.0, 64.0, 64.0]",0.0,,ER,1
1132,102,10,"[0.5, 0.0, 64.0]",1.0,,ER,1
1133,103,0,"[0.0, 0.0, 0.0]",0.0,,ER,1
1134,103,1,"[0.0, 0.0, 0.0]",0.0,,ER,1
1135,103,2,"[0.0, 0.0, 0.0]",0.0,,ER,1
1136,103,3,"[0.0, 64.0, 0.0]",0.0,0.3333333333333333,ER,1
1137,103,4,"[0.0, 0.0, 64.0]",0.0,1.0,ER,1
1138,103,5,"[64.0, 0.0, 0.0]",0.0,,ER,1
1139,103,6,"[0.0, 64.0, 0.0]",0.0,0.3333333333333333,ER,1
1140,103,7,"[0.0, 0.0, 0.0]",0.0,,ER,1
1141,103,8,"[0.0, 0.0, 64.0]",0.0,1.0,ER,1
1142,103,9,"[64.0, 64.0, 64.0]",0.0,,ER,1
1143,103,10,"[0.5, 0.0, 64.0]",1.0,1.0,ER,1
1144,104,0,"[0.0, 0.0, 0.0]",0.0,,ER,1
1145,104,1,"[0.0, 0.0, 0.0]",0.0,,ER,1
1146,104,2,"[0.0, 0.0, 0.0]",0.0,,ER,1
1147,104,3,"[0.0, 64.0, 0.0]",0.0,0.3333333333333333,ER,1
1148,104,4,"[0.0, 0.0, 64.0]",0.0,1.0,ER,1
1149,104,5,"[64.0, 0.0, 0.0]",0.0,,ER,1
1150,104,6,"[0.0, 64.0, 0.0]",0.0,0.3333333333333333,ER,1
1151,104,7,"[0.0, 0.0, 0.0]",0.0,,ER,1
1152,104,8,"[0.0, 0.0, 64.0]",0.0,1.0,ER,1
1153,104,9,"[64.0, 64.0, 64.0]",0.0,,ER,1
1154,104,10,"[0.5, 0.0, 64.0]",1.0,1.0,ER,1
1155,105,0,"[0.0, 0.0, 0.0]",0.0,1.0,ER,1
1156,105,1,"[0.0, 0.0, 0.0]",0.0,1.0,ER,1
1157,105,2,"[0.0, 0.0, 0.0]",0.0,1.0,ER,1
1158,105,3,"[0.0, 64.0, 0.0]",0.0,0.3333333333333333,ER,1
1159,105,4,"[0.0, 0.0, 64.0]",0.0,0.3333333333333333,ER,1
1160,105,5,"[64.0, 0.0, 0.0]",0.0,,ER,1
1161,105,6,"[0.0, 64.0, 0.0]",0.0,0.3333333333333333,ER,1
1162,105,7,"[0.0, 0.0, 0.0]",0.0,1.0,ER,1
1163,105,8,"[0.0, 0.0, 64.0]",0.0,0.3333333333333333,ER,1
1164,105,9,"[64.0, 64.0, 64.0]",0.0,,ER,1
1165,105,10,"[0.5, 0.0, 64.0]",1.0,0.3333333333333333,ER,1
1166,106,0,"[0.0, 0.0, 0.0]",0.0,,ER,1
1167,106,1,"[0.0, 0.0, 0.0]",0.0,,ER,1
1168,106,2,"[0.0, 0.0, 0.0]",0.0,,ER,1
1169,106,3,"[0.0, 64.0, 0.0]",0.0,0.3333333333333333,ER,1
1170,106,4,"[0.0, 0.0, 64.0]",0.0,0.3333333333333333,ER,1
1171,106,5,"[64.0, 0.0, 0.0]",0.0,,ER,1
1172,106,6,"[0.0, 64.0, 0.0]",0.0,0.3333333333333333,ER,1
1173,106,7,"[0.0, 0.0, 0.0]",0.0,,ER,1
1174,106,8,"[0.0, 0.0, 64.0]",0.0,0.3333333333333333,ER,1
1175,106,9,"[64.0, 64.0, 64.0]",0.0,0.3333333333333333,ER,1
1176,106,10,"[0.5, 0.0, 64.0]",1.0,0.3333333333333333,ER,1
1177,107,0,"[0.0, 0.0, 0.0]",0.0,0.3333333333333333,ER,1
1178,107,1,"[0.0, 0.0, 0.0]",0.0,0.3333333333333333,ER,1
1179,107,2,"[0.0, 0.0, 0.0]",0.0,0.3333333333333333,ER,1
1180,107,3,"[0.0, 64.0, 0.0]",0.0,,ER,1
1181,107,4,"[0.0, 0.0, 64.0]",0.0,,ER,1
1182,107,5,"[64.0, 0.0, 0.0]",0.0,,ER,1
1183,107,6,"[0.0, 64.0, 0.0]",0.0,,ER,1
1184,107,7,"[0.0, 0.0, 0.0]",0.0,0.3333333333333333,ER,1
1185,107,8,"[0.0, 0.0, 64.0]",0.0,,ER,1
1186,107,9,"[64.0, 64.0, 64.0]",0.0,,ER,1
1187,107,10,"[0.5, 0.0, 64.0]",1.0,,ER,1
1188,108,0,"[0.0, 0.0, 0.0]",0.0,,ER,1
1189,108,1,"[0.0, 0.0, 0.0]",0.0,,ER,1
1190,108,2,"[0.0, 0.0, 0.0]",0.0,,ER,1
1191,108,3,"[0.0, 64.0, 0.0]",0.0,1.0,ER,1
1192,108,4,"[0.0, 0.0, 64.0]",0.0,,ER,1
1193,108,5,"[64.0, 0.0, 0.0]",0.0,,ER,1
1194,108,6,"[0.0, 64.0, 0.0]",0.0,1.0,ER,1
1195,108,7,"[0.0, 0.0, 0.0]",0.0,,ER,1
1196,108,8,"[0.0, 0.0, 64.0]",0.0,,ER,1
1197,108,9,"[64.0, 64.0, 64.0]",0.0,0.3333333333333333,ER,1
1198,108,10,"[0.5, 0.0, 64.0]",1.0,0.3333333333333333,ER,1
1199,109,0,"[0.0, 0.0, 0.0]",0.0,,ER,1
1200,109,1,"[0.0, 0.0, 0.0]",0.0,,ER,1
1201,109,2,"[0.0, 0.0, 0.0]",0.0,,ER,1
1202,109,3,"[0.0, 64.0, 0.0]",0.0,,ER,1
1203,109,4,"[0.0, 0.0, 64.0]",0.0,0.3333333333333333,ER,1
1204,109,5,"[64.0, 0.0, 0.0]",0.0,,ER,1
1205,109,6,"[0.0, 64.0, 0.0]",0.0,,ER,1
1206,109,7,"[0.0, 0.0, 0.0]",0.0,,ER,1
1207,109,8,"[0.0, 0.0, 64.0]",0.0,0.3333333333333333,ER,1
1208,109,9,"[64.0, 64.0, 64.0]",0.0,,ER,1
1209,109,10,"[0.5, 0.0, 64.0]",1.0,0.3333333333333333,ER,1
1210,110,0,"[0.0, 0.0, 0.0]",0.0,,ER,1
1211,110,1,"[0.0, 0.0, 0.0]",0.0,,ER,1
1212,110,2,"[0.0, 0.0, 0.0]",0.0,,ER,1
1213,110,3,"[0.0, 64.0, 0.0]",0.0,1.0,ER,1
1214,110,4,"[0.0, 0.0, 64.0]",0.0,,ER,1
1215,110,5,"[64.0, 0.0, 0.0]",0.0,,ER,1
1216,110,6,"[0.0, 64.0, 0.0]",0.0,1.0,ER,1
1217,110,7,"[0.0, 0.0, 0.0]",0.0,,ER,1
1218,110,8,"[0.0, 0.0, 64.0]",0.0,,ER,1
1219,110,9,"[64.0, 64.0, 64.0]",0.0,,ER,1
1220,110,10,"[0.5, 0.0, 64.0]",1.0,0.3333333333333333,ER,1
1221,111,0,"[0.0, 0.0, 0.0]",0.0,,ER,1
1222,111,1,"[0.0, 0.0, 0.0]",0.0,,ER,1
1223,111,2,"[0.0, 0.0, 0.0]",0.0,,ER,1
1224,111,3,"[0.0, 64.0, 0.0]",0.0,,ER,1
1225,111,4,"[0.0, 0.0, 64.0]",0.0,,ER,1
1226,111,5,"[64.0, 0.0, 0.0]",0.0,,ER,1
1227,111,6,"[0.0, 64.0, 0.0]",0.0,,ER,1
1228,111,7,"[0.0, 0.0, 0.0]",0.0,,ER,1
1229,111,8,"[0.0, 0.0, 64.0]",0.0,,ER,1
1230,111,9,"[64.0, 64.0, 64.0]",0.0,0.3333333333333333,ER,1
1231,111,10,"[0.5, 0.0, 64.0]",1.0,,ER,1
1232,112,0,"[0.0, 0.0, 0.0]",0.0,,ER,1
1233,112,1,"[0.0, 0.0, 0.0]",0.0,,ER,1
1234,112,2,"[0.0, 0.0, 0.0]",0.0,,ER,1
1235,112,3,"[0.0, 64.0, 0.0]",0.0,,ER,1
1236,112,4,"[0.0, 0.0, 64.0]",0.0,,ER,1
1237,112,5,"[64.0, 0.0, 0.0]",0.0,,ER,1
1238,112,6,"[0.0, 64.0, 0.0]",0.0,,ER,1
1239,112,7,"[0.0, 0.0, 0.0]",0.0,,ER,1
1240,112,8,"[0.0, 0.0, 64.0]",0.0,,ER,1
1241,112,9,"[64.0, 64.0, 64.0]",0.0,,ER,1
1242,112,10,"[0.5, 0.0, 64.0]",1.0,,ER,1
1243,113,0,"[0.0, 0.0, 0.0]",0.0,,ER,1
1244,113,1,"[0.0, 0.0, 0.0]",0.0,,ER,1
1245,113,2,"[0.0, 0.0, 0.0]",0.0,,ER,1
1246,113,3,"[0.0, 64.0, 0.0]",0.0,1.0,ER,1
1247,113,4,"[0.0, 0.0, 64.0]",0.0,,ER,1
1248,113,5,"[64.0, 0.0, 0.0]",0.0,,ER,1
1249,113,6,"[0.0, 64.0, 0.0]",0.0,1.0,ER,1
1250,113,7,"[0.0, 0.0, 0.0]",0.0,,ER,1
1251,113,8,"[0.0, 0.0, 64.0]",0.0,,ER,1
1252,113,9,"[64.0, 64.0, 64.0]",0.0,,ER,1
1253,113,10,"[0.5, 0.0, 64.0]",1.0,,ER,1
1254,114,0,"[0.0, 0.0, 0.0]",0.0,1.0,ER,1
1255,114,1,"[0.0, 0.0, 0.0]",0.0,1.0,ER,1
1256,114,2,"[0.0, 0.0, 0.0]",0.0,1.0,ER,1
1257,114,3,"[0.0, 64.0, 0.0]",0.0,0.3333333333333333,ER,1
1258,114,4,"[0.0, 0.0, 64.0]",0.0,,ER,1
1259,114,5,"[64.0, 0.0, 0.0]",0.0,,ER,1
1260,114,6,"[0.0, 64.0, 0.0]",0.0,0.3333333333333333,ER,1
1261,114,7,"[0.0, 0.0, 0.0]",0.0,1.0,ER,1
1262,114,8,"[0.0, 0.0, 64.0]",0.0,,ER,1
1263,114,9,"[64.0, 64.0, 64.0]",0.0,,ER,1
1264,114,10,"[0.5, 0.0, 64.0]",1.0,,ER,1
1265,115,0,"[0.0, 0.0, 0.0]",0.0,,ER,1
1266,115,1,"[0.0, 0.0, 0.0]",0.0,,ER,1
1267,115,2,"[0.0, 0.0, 0.0]",0.0,,ER,1
1268,115,3,"[0.0, 64.0, 0.0]",0.0,,ER,1
1269,115,4,"[0.0, 0.0, 64.0]",0.0,0.3333333333333333,ER,1
1270,115,5,"[64.0, 0.0, 0.0]",0.0,,ER,1
1271,115,6,"[0.0, 64.0, 0.0]",0.0,,ER,1
1272,115,7,"[0.0, 0.0, 0.0]",0.0,,ER,1
1273,115,8,"[0.0, 0.0, 64.0]",0.0,0.3333333333333333,ER,1
1274,115,9,"[64.0, 64.0, 64.0]",0.0,,ER,1
1275,115,10,"[0.5, 0.0, 64.0]",1.0,0.3333333333333333,ER,1
1276,116,0,"[0.0, 0.0, 0.0]",0.0,,ER,1
1277,116,1,"[0.0, 0.0, 0.0]",0.0,,ER,1
1278,116,2,"[0.0, 0.0, 0.0]",0.0,,ER,1
1279,116,3,"[0.0, 64.0, 0.0]",0.0,,ER,1
1280,116,4,"[0.0, 0.0, 64.0]",0.0,0.3333333333333333,ER,1
1281,116,5,"[64.0, 0.0, 0.0]",0.0,,ER,1
1282,116,6,"[0.0, 64.0, 0.0]",0.0,,ER,1
1283,116,7,"[0.0, 0.0, 0.0]",0.0,,ER,1
1284,116,8,"[0.0, 0.0, 64.0]",0.0,0.3333333333333333,ER,1
1285,116,9,"[64.0, 64.0, 64.0]",0.0,0.3333333333333333,ER,1
1286,116,10,"[0.5, 0.0, 64.0]",1.0,0.3333333333333333,ER,1
1287,117,0,"[0.0, 0.0, 0.0]",0.0,1.0,ER,1
1288,117,1,"[0.0, 0.0, 0.0]",0.0,1.0,ER,1
1289,117,2,"[0.0, 0.0, 0.0]",0.0,1.0,ER,1
1290,117,3,"[0.0, 64.0, 0.0]",0.0,,ER,1
1291,117,4,"[0.0, 0.0, 64.0]",0.0,,ER,1
1292,117,5,"[64.0, 0.0, 0.0]",0.0,,ER,1
1293,117,6,"[0.0, 64.0, 0.0]",0.0,,ER,1
1294,117,7,"[0.0, 0.0, 0.0]",0.0,1.0,ER,1
1295,117,8,"[0.0, 0.0, 64.0]",0.0,,ER,1
1296,117,9,"[64.0, 64.0, 64.0]",0.0,,ER,1
1297,117,10,"[0.5, 0.0, 64.0]",1.0,0.3333333333333333,ER,1
1298,118,0,"[0.0, 0.0, 0.0]",0.0,1.0,ER,1
1299,118,1,"[0.0, 0.0, 0.0]",0.0,1.0,ER,1
1300,118,2,"[0.0, 0.0, 0.0]",0.0,1.0,ER,1
1301,118,3,"[0.0, 64.0, 0.0]",0.0,0.3333333333333333,ER,1
1302,118,4,"[0.0, 0.0, 64.0]",0.0,0.3333333333333333,ER,1
1303,118,5,"[64.0, 0.0, 0.0]",0.0,,ER,1
1304,118,6,"[0.0, 64.0, 0.0]",0.0,0.3333333333333333,ER,1
1305,118,7,"[0.0, 0.0, 0.0]",0.0,1.0,ER,1
1306,118,8,"[0.0, 0.0, 64.0]",0.0,0.3333333333333333,ER,1
1307,118,9,"[64.0, 64.0, 64.0]",0.0,,ER,1
1308,118,10,"[0.5, 0.0, 64.0]",1.0,0.3333333333333333,ER,1
1309,119,0,"[0.0, 0.0, 0.0]",0.0,0.3333333333333333,ER,1
1310,119,1,"[0.0, 0.0, 0.0]",0.0,0.3333333333333333,ER,1
1311,119,2,"[0.0, 0.0, 0.0]",0.0,0.3333333333333333,ER,1
1312,119,3,"[0.0, 64.0, 0.0]",0.0,0.3333333333333333,ER,1
1313,119,4,"[0.0, 0.0, 64.0]",0.0,,ER,1
1314,119,5,"[64.0, 0.0, 0.0]",0.0,,ER,1
1315,119,6,"[0.0, 64.0, 0.0]",0.0,0.3333333333333333,ER,1
1316,119,7,"[0.0, 0.0, 0.0]",0.0,0.3333333333333333,ER,1
1317,119,8,"[0.0, 0.0, 64.0]",0.0,,ER,1
1318,119,9,"[64.0, 64.0, 64.0]",0.0,,ER,1
1319,119,10,"[0.5, 0.0, 64.0]",1.0,,ER,1
1320,120,0,"[0.0, 0.0, 0.0]",0.0,,ER,1
1321,120,1,"[0.0, 0.0, 0.0]",0.0,,ER,1
1322,120,2,"[0.0, 0.0, 0.0]",0.0,,ER,1
1323,120,3,"[0.0, 64.0, 0.0]",0.0,0.3333333333333333,ER,1
1324,120,4,"[0.0, 0.0, 64.0]",0.0,,ER,1
1325,120,5,"[64.0, 0.0, 0.0]",0.0,,ER,1
1326,120,6,"[0.0, 64.0, 0.0]",0.0,0.3333333333333333,ER,1
1327,120,7,"[0.0, 0.0, 0.0]",0.0,,ER,1
1328,120,8,"[0.0, 0.0, 64.0]",0.0,,ER,1
1329,120,9,"[64.0, 64.0, 64.0]",0.0,,ER,1
1330,120,10,"[0.5, 0.0, 64.0]",1.0,,ER,1
1331,121,0,"[0.0, 0.0, 0.0]",0.0,,ER,1
1332,121,1,"[0.0, 0.0, 0.0]",0.0,,ER,1
1333,121,2,"[0.0, 0.0, 0.0]",0.0,,ER,1
1334,121,3,"[0.0, 64.0, 0.0]",0.0,0.3333333333333333,ER,1
1335,121,4,"[0.0, 0.0, 64.0]",0.0,0.3333333333333333,ER,1
1336,121,5,"[64.0, 0.0, 0.0]",0.0,,ER,1
1337,121,6,"[0.0, 64.0, 0.0]",0.0,0.3333333333333333,ER,1
1338,121,7,"[0.0, 0.0, 0.0]",0.0,,ER,1
1339,121,8,"[0.0, 0.0, 64.0]",0.0,0.3333333333333333,ER,1
1340,121,9,"[64.0, 64.0, 64.0]",0.0,0.3333333333333333,ER,1
1341,121,10,"[0.5, 0.0, 64.0]",1.0,0.3333333333333333,ER,1
1342,122,0,"[0.0, 0.0, 0.0]",0.0,,ER,1
1343,122,1,"[0.0, 0.0, 0.0]",0.0,,ER,1
1344,122,2,"[0.0, 0.0, 0.0]",0.0,,ER,1
1345,122,3,"[0.0, 64.0, 0.0]",0.0,,ER,1
1346,122,4,"[0.0, 0.0, 64.0]",0.0,0.3333333333333333,ER,1
1347,122,5,"[64.0, 0.0, 0.0]",0.0,,ER,1
1348,122,6,"[0.0, 64.0, 0.0]",0.0,,ER,1
1349,122,7,"[0.0, 0.0, 0.0]",0.0,,ER,1
1350,122,8,"[0.0, 0.0, 64.0]",0.0,0.3333333333333333,ER,1
1351,122,9,"[64.0, 64.0, 64.0]",0.0,,ER,1
1352,122,10,"[0.5, 0.0, 64.0]",1.0,0.3333333333333333,ER,1
1353,123,0,"[0.0, 0.0, 0.0]",0.0,0.3333333333333333,ER,1
1354,123,1,"[0.0, 0.0, 0.0]",0.0,0.3333333333333333,ER,1
1355,123,2,"[0.0, 0.0, 0.0]",0.0,0.3333333333333333,ER,1
1356,123,3,"[0.0, 64.0, 0.0]",0.0,0.3333333333333333,ER,1
1357,123,4,"[0.0, 0.0, 64.0]",0.0,,ER,1
1358,123,5,"[64.0, 0.0, 0.0]",0.0,,ER,1
1359,123,6,"[0.0, 64.0, 0.0]",0.0,0.3333333333333333,ER,1
1360,123,7,"[0.0, 0.0, 0.0]",0.0,0.3333333333333333,ER,1
1361,123,8,"[0.0, 0.0, 64.0]",0.0,,ER,1
1362,123,9,"[64.0, 64.0, 64.0]",0.0,,ER,1
1363,123,10,"[0.5, 0.0, 64.0]",1.0,,ER,1
1364,124,0,"[0.0, 0.0, 0.0]",0.0,,ER,1
1365,124,1,"[0.0, 0.0, 0.0]",0.0,,ER,1
1366,124,2,"[0.0, 0.0, 0.0]",0.0,,ER,1
1367,124,3,"[0.0, 64.0, 0.0]",0.0,0.3333333333333333,ER,1
1368,124,4,"[0.0, 0.0, 64.0]",0.0,,ER,1
1369,124,5,"[64.0, 0.0, 0.0]",0.0,,ER,1
1370,124,6,"[0.0, 64.0, 0.0]",0.0,0.3333333333333333,ER,1
1371,124,7,"[0.0, 0.0, 0.0]",0.0,,ER,1
1372,124,8,"[0.0, 0.0, 64.0]",0.0,,ER,1
1373,124,9,"[64.0, 64.0, 64.0]",0.0,,ER,1
1374,124,10,"[0.5, 0.0, 64.0]",1.0,,ER,1
1375,125,0,"[0.0, 0.0, 0.0]",0.0,,ER,1
1376,125,1,"[0.0, 0.0, 0.0]",0.0,,ER,1
1377,125,2,"[0.0, 0.0, 0.0]",0.0,,ER,1
1378,125,3,"[0.0, 64.0, 0.0]",0.0,,ER,1
1379,125,4,"[0.0, 0.0, 64.0]",0.0,,ER,1
1380,125,5,"[64.0, 0.0, 0.0]",0.0,,ER,1
1381,125,6,"[0.0, 64.0, 0.0]",0.0,,ER,1
1382,125,7,"[0.0, 0.0, 0.0]",0.0,,ER,1
1383,125,8,"[0.0, 0.0, 64.0]",0.0,,ER,1
1384,125,9,"[64.0, 64.0, 64.0]",0.0,0.3333333333333333,ER,1
1385,125,10,"[0.5, 0.0, 64.0]",1.0,,ER,1
1386,126,0,"[0.0, 0.0, 0.0]",0.0,0.3333333333333333,ER,1
1387,126,1,"[0.0, 0.0, 0.0]",0.0,0.3333333333333333,ER,1
1388,126,2,"[0.0, 0.0, 0.0]",0.0,0.3333333333333333,ER,1
1389,126,3,"[0.0, 64.0, 0.0]",0.0,0.3333333333333333,ER,1
1390,126,4,"[0.0, 0.0, 64.0]",0.0,,ER,1
1391,126,5,"[64.0, 0.0, 0.0]",0.0,,ER,1
1392,126,6,"[0.0, 64.0, 0.0]",0.0,0.3333333333333333,ER,1
1393,126,7,"[0.0, 0.0, 0.0]",0.0,0.3333333333333333,ER,1
1394,126,8,"[0.0, 0.0, 64.0]",0.0,,ER,1
1395,126,9,"[64.0, 64.0, 64.0]",0.0,,ER,1
1396,126,10,"[0.5, 0.0, 64.0]",1.0,,ER,1
1397,127,0,"[0.0, 0.0, 0.0]",0.0,,ER,1
1398,127,1,"[0.0, 0.0, 0.0]",0.0,,ER,1
1399,127,2,"[0.0, 0.0, 0.0]",0.0,,ER,1
1400,127,3,"[0.0, 64.0, 0.0]",0.0,,ER,1
1401,127,4,"[0.0, 0.0, 64.0]",0.0,0.3333333333333333,ER,1
1402,127,5,"[64.0, 0.0, 0.0]",0.0,,ER,1
1403,127,6,"[0.0, 64.0, 0.0]",0.0,,ER,1
1404,127,7,"[0.0, 0.0, 0.0]",0.0,,ER,1
1405,127,8,"[0.0, 0.0, 64.0]",0.0,0.3333333333333333,ER,1
1406,127,9,"[64.0, 64.0, 64.0]",0.0,,ER,1
1407,127,10,"[0.5, 0.0, 64.0]",1.0,0.3333333333333333,ER,1
1408,128,0,"[0.0, 0.0, 0.0]",0.0,,ER,1
1409,128,1,"[0.0, 0.0, 0.0]",0.0,,ER,1
1410,128,2,"[0.0, 0.0, 0.0]",0.0,,ER,1
1411,128,3,"[0.0, 64.0, 0.0]",0.0,0.3333333333333333,ER,1
1412,128,4,"[0.0, 0.0, 64.0]",0.0,,ER,1
1413,128,5,"[64.0, 0.0, 0.0]",0.0,,ER,1
1414,128,6,"[0.0, 64.0, 0.0]",0.0,0.3333333333333333,ER,1
1415,128,7,"[0.0, 0.0, 0.0]",0.0,,ER,1
1416,128,8,"[0.0, 0.0, 64.0]",0.0,,ER,1
1417,128,9,"[64.0, 64.0, 64.0]",0.0,,ER,1
1418,128,10,"[0.5, 0.0, 64.0]",1.0,,ER,1
1419,129,0,"[0.0, 0.0, 0.0]",0.0,,ER,1
1420,129,1,"[0.0, 0.0, 0.0]",0.0,,ER,1
1421,129,2,"[0.0, 0.0, 0.0]",0.0,,ER,1
1422,129,3,"[0.0, 64.0, 0.0]",0.0,0.3333333333333333,ER,1
1423,129,4,"[0.0, 0.0, 64.0]",0.0,,ER,1
1424,129,5,"[64.0, 0.0, 0.0]",0.0,,ER,1
1425,129,6,"[0.0, 64.0, 0.0]",0.0,0.3333333333333333,ER,1
1426,129,7,"[0.0, 0.0, 0.0]",0.0,,ER,1
1427,129,8,"[0.0, 0.0, 64.0]",0.0,,ER,1
1428,129,9,"[64.0, 64.0, 64.0]",0.0,,ER,1
1429,129,10,"[0.5, 0.0, 64.0]",1.0,,ER,1
1430,130,0,"[0.0, 0.0, 0.0]",0.0,0.3333333333333333,ER,1
1431,130,1,"[0.0, 0.0, 0.0]",0.0,0.3333333333333333,ER,1
1432,130,2,"[0.0, 0.0, 0.0]",0.0,0.3333333333333333,ER,1
1433,130,3,"[0.0, 64.0, 0.0]",0.0,,ER,1
1434,130,4,"[0.0, 0.0, 64.0]",0.0,0.3333333333333333,ER,1
1435,130,5,"[64.0, 0.0, 0.0]",0.0,,ER,1
1436,130,6,"[0.0, 64.0, 0.0]",0.0,,ER,1
1437,130,7,"[0.0, 0.0, 0.0]",0.0,0.3333333333333333,ER,1
1438,130,8,"[0.0, 0.0, 64.0]",0.0,0.3333333333333333,ER,1
1439,130,9,"[64.0, 64.0, 64.0]",0.0,,ER,1
1440,130,10,"[0.5, 0.0, 64.0]",1.0,0.3333333333333333,ER,1
1441,131,0,"[0.0, 0.0, 0.0]",0.0,1.0,ER,1
1442,131,1,"[0.0, 0.0, 0.0]",0.0,1.0,ER,1
1443,131,2,"[0.0, 0.0, 0.0]",0.0,1.0,ER,1
1444,131,3,"[0.0, 64.0, 0.0]",0.0,0.3333333333333333,ER,1
1445,131,4,"[0.0, 0.0, 64.0]",0.0,,ER,1
1446,131,5,"[64.0, 0.0, 0.0]",0.0,,ER,1
1447,131,6,"[0.0, 64.0, 0.0]",0.0,0.3333333333333333,ER,1
1448,131,7,"[0.0, 0.0, 0.0]",0.0,1.0,ER,1
1449,131,8,"[0.0, 0.0, 64.0]",0.0,,ER,1
1450,131,9,"[64.0, 64.0, 64.0]",0.0,0.3333333333333333,ER,1
1451,131,10,"[0.5, 0.0, 64.0]",1.0,,ER,1
1452,132,0,"[0.0, 0.0, 0.0]",0.0,1.0,ER,1
1453,132,1,"[0.0, 0.0, 0.0]",0.0,1.0,ER,1
1454,132,2,"[0.0, 0.0, 0.0]",0.0,1.0,ER,1
1455,132,3,"[0.0, 64.0, 0.0]",0.0,,ER,1
1456,132,4,"[0.0, 0.0, 64.0]",0.0,0.3333333333333333,ER,1
1457,132,5,"[64.0, 0.0, 0.0]",0.0,,ER,1
1458,132,6,"[0.0, 64.0, 0.0]",0.0,,ER,1
1459,132,7,"[0.0, 0.0, 0.0]",0.0,1.0,ER,1
1460,132,8,"[0.0, 0.0, 64.0]",0.0,0.3333333333333333,ER,1
1461,132,9,"[64.0, 64.0, 64.0]",0.0,,ER,1
1462,132,10,"[0.5, 0.0, 64.0]",1.0,0.3333333333333333,ER,1
1463,133,0,"[0.0, 0.0, 0.0]",0.0,,ER,1
1464,133,1,"[0.0, 0.0, 0.0]",0.0,,ER,1
1465,133,2,"[0.0, 0.0, 0.0]",0.0,,ER,1
1466,133,3,"[0.0, 64.0, 0.0]",0.0,1.0,ER,1
1467,133,4,"[0.0, 0.0, 64.0]",0.0,0.3333333333333333,ER,1
1468,133,5,"[64.0, 0.0, 0.0]",0.0,,ER,1
1469,133,6,"[0.0, 64.0, 0.0]",0.0,1.0,ER,1
1470,133,7,"[0.0, 0.0, 0.0]",0.0,,ER,1
1471,133,8,"[0.0, 0.0, 64.0]",0.0,0.3333333333333333,ER,1
1472,133,9,"[64.0, 64.0, 64.0]",0.0,,ER,1
1473,133,10,"[0.5, 0.0, 64.0]",1.0,0.3333333333333333,ER,1
1474,134,0,"[0.0, 0.0, 0.0]",0.0,0.3333333333333333,ER,1
1475,134,1,"[0.0, 0.0, 0.0]",0.0,0.3333333333333333,ER,1
1476,134,2,"[0.0, 0.0, 0.0]",0.0,0.3333333333333333,ER,1
1477,134,3,"[0.0, 64.0, 0.0]",0.0,,ER,1
1478,134,4,"[0.0, 0.0, 64.0]",0.0,,ER,1
1479,134,5,"[64.0, 0.0, 0.0]",0.0,,ER,1
1480,134,6,"[0.0, 64.0, 0.0]",0.0,,ER,1
1481,134,7,"[0.0, 0.0, 0.0]",0.0,0.3333333333333333,ER,1
1482,134,8,"[0.0, 0.0, 64.0]",0.0,,ER,1
1483,134,9,"[64.0, 64.0, 64.0]",0.0,0.3333333333333333,ER,1
1484,134,10,"[0.5, 0.0, 64.0]",1.0,,ER,1
1485,135,0,"[0.0, 0.0, 0.0]",0.0,,ER,1
1486,135,1,"[0.0, 0.0, 0.0]",0.0,,ER,1
1487,135,2,"[0.0, 0.0, 0.0]",0.0,,ER,1
1488,135,3,"[0.0, 64.0, 0.0]",0.0,0.3333333333333333,ER,1
1489,135,4,"[0.0, 0.0, 64.0]",0.0,1.0,ER,1
1490,135,5,"[64.0, 0.0, 0.0]",0.0,,ER,1
1491,135,6,"[0.0, 64.0, 0.0]",0.0,0.3333333333333333,ER,1
1492,135,7,"[0.0, 0.0, 0.0]",0.0,,ER,1
1493,135,8,"[0.0, 0.0, 64.0]",0.0,1.0,ER,1
1494,135,9,"[64.0, 64.0, 64.0]",0.0,0.3333333333333333,ER,1
1495,135,10,"[0.5, 0.0, 64.0]",1.0,1.0,ER,1
1496,136,0,"[0.0, 0.0, 0.0]",0.0,0.3333333333333333,ER,1
1497,136,1,"[0.0, 0.0, 0.0]",0.0,0.3333333333333333,ER,1
1498,136,2,"[0.0, 0.0, 0.0]",0.0,0.3333333333333333,ER,1
1499,136,3,"[0.0, 64.0, 0.0]",0.0,,ER,1
1500,136,4,"[0.0, 0.0, 64.0]",0.0,,ER,1
1501,136,5,"[64.0, 0.0, 0.0]",0.0,,ER,1
1502,136,6,"[0.0, 64.0, 0.0]",0.0,,ER,1
1503,136,7,"[0.0, 0.0, 0.0]",0.0,0.3333333333333333,ER,1
1504,136,8,"[0.0, 0.0, 64.0]",0.0,,ER,1
1505,136,9,"[64.0, 64.0, 64.0]",0.0,,ER,1
1506,136,10,"[0.5, 0.0, 64.0]",1.0,,ER,1
1507,137,0,"[0.0, 0.0, 0.0]",0.0,,ER,1
1508,137,1,"[0.0, 0.0, 0.0]",0.0,,ER,1
1509,137,2,"[0.0, 0.0, 0.0]",0.0,,ER,1
1510,137,3,"[0.0, 64.0, 0.0]",0.0,0.3333333333333333,ER,1
1511,137,4,"[0.0, 0.0, 64.0]",0.0,0.3333333333333333,ER,1
1512,137,5,"[64.0, 0.0, 0.0]",0.0,,ER,1
1513,137,6,"[0.0, 64.0, 0.0]",0.0,0.3333333333333333,ER,1
1514,137,7,"[0.0, 0.0, 0.0]",0.0,,ER,1
1515,137,8,"[0.0, 0.0, 64.0]",0.0,0.3333333333333333,ER,1
1516,137,9,"[64.0, 64.0, 64.0]",0.0,,ER,1
1517,137,10,"[0.5, 0.0, 64.0]",1.0,0.3333333333333333,ER,1
1518,138,0,"[0.0, 0.0, 0.0]",0.0,,ER,1
1519,138,1,"[0.0, 0.0, 0.0]",0.0,,ER,1
1520,138,2,"[0.0, 0.0, 0.0]",0.0,,ER,1
1521,138,3,"[0.0, 64.0, 0.0]",0.0,0.3333333333333333,ER,1
1522,138,4,"[0.0, 0.0, 64.0]",0.0,,ER,1
1523,138,5,"[64.0, 0.0, 0.0]",0.0,,ER,1
1524,138,6,"[0.0, 64.0, 0.0]",0.0,0.3333333333333333,ER,1
1525,138,7,"[0.0, 0.0, 0.0]",0.0,,ER,1
1526,138,8,"[0.0, 0.0, 64.0]",0.0,,ER,1
1527,138,9,"[64.0, 64.0, 64.0]",0.0,,ER,1
1528,138,10,"[0.5, 0.0, 64.0]",1.0,,ER,1
1529,139,0,"[0.0, 0.0, 0.0]",0.0,0.3333333333333333,ER,1
1530,139,1,"[0.0, 0.0, 0.0]",0.0,0.3333333333333333,ER,1
1531,139,2,"[0.0, 0.0, 0.0]",0.0,0.3333333333333333,ER,1
1532,139,3,"[0.0, 64.0, 0.0]",0.0,,ER,1
1533,139,4,"[0.0, 0.0, 64.0]",0.0,,ER,1
1534,139,5,"[64.0, 0.0, 0.0]",0.0,,ER,1
1535,139,6,"[0.0, 64.0, 0.0]",0.0,,ER,1
1536,139,7,"[0.0, 0.0, 0.0]",0.0,0.3333333333333333,ER,1
1537,139,8,"[0.0, 0.0, 64.0]",0.0,,ER,1
1538,139,9,"[64.0, 64.0, 64.0]",0.0,,ER,1
1539,139,10,"[0.5, 0.0, 64.0]",1.0,,ER,1
1540,140,0,"[0.0, 0.0, 0.0]",0.0,,ER,1
1541,140,1,"[0.0, 0.0, 0.0]",0.0,,ER,1
1542,140,2,"[0.0, 0.0, 0.0]",0.0,,ER,1
1543,140,3,"[0.0, 64.0, 0.0]",0.0,0.3333333333333333,ER,1
1544,140,4,"[0.0, 0.0, 64.0]",0.0,0.3333333333333333,ER,1
1545,140,5,"[64.0, 0.0, 0.0]",0.0,,ER,1
1546,140,6,"[0.0, 64.0, 0.0]",0.0,0.3333333333333333,ER,1
1547,140,7,"[0.0, 0.0, 0.0]",0.0,,ER,1
1548,140,8,"[0.0, 0.0, 64.0]",0.0,0.3333333333333333,ER,1
1549,140,9,"[64.0, 64.0, 64.0]",0.0,,ER,1
1550,140,10,"[0.5, 0.0, 64.0]",1.0,0.3333333333333333,ER,1
1551,141,0,"[0.0, 0.0, 0.0]",0.0,0.3333333333333333,ER,1
1552,141,1,"[0.0, 0.0, 0.0]",0.0,0.3333333333333333,ER,1
1553,141,2,"[0.0, 0.0, 0.0]",0.0,0.3333333333333333,ER,1
1554,141,3,"[0.0, 64.0, 0.0]",0.0,,ER,1
1555,141,4,"[0.0, 0.0, 64.0]",0.0,,ER,1
1556,141,5,"[64.0, 0.0, 0.0]",0.0,,ER,1
1557,141,6,"[0.0, 64.0, 0.0]",0.0,,ER,1
1558,141,7,"[0.0, 0.0, 0.0]",0.0,0.3333333333333333,ER,1
1559,141,8,"[0.0, 0.0, 64.0]",0.0,,ER,1
1560,141,9,"[64.0, 64.0, 64.0]",0.0,0.3333333333333333,ER,1
1561,141,10,"[0.5, 0.0, 64.0]",1.0,,ER,1
1562,142,0,"[0.0, 0.0, 0.0]",0.0,0.3333333333333333,ER,1
1563,142,1,"[0.0, 0.0, 0.0]",0.0,0.3333333333333333,ER,1
1564,142,2,"[0.0, 0.0, 0.0]",0.0,0.3333333333333333,ER,1
1565,142,3,"[0.0, 64.0, 0.0]",0.0,,ER,1
1566,142,4,"[0.0, 0.0, 64.0]",0.0,,ER,1
1567,142,5,"[64.0, 0.0, 0.0]",0.0,,ER,1
1568,142,6,"[0.0, 64.0, 0.0]",0.0,,ER,1
1569,142,7,"[0.0, 0.0, 0.0]",0.0,0.3333333333333333,ER,1
1570,142,8,"[0.0, 0.0, 64.0]",0.0,,ER,1
1571,142,9,"[64.0, 64.0, 64.0]",0.0,,ER,1
1572,142,10,"[0.5, 0.0, 64.0]",1.0,,ER,1
1573,143,0,"[0.0, 0.0, 0.0]",0.0,1.0,ER,1
1574,143,1,"[0.0, 0.0, 0.0]",0.0,1.0,ER,1
1575,143,2,"[0.0, 0.0, 0.0]",0.0,1.0,ER,1
1576,143,3,"[0.0, 64.0, 0.0]",0.0,,ER,1
1577,143,4,"[0.0, 0.0, 64.0]",0.0,0.3333333333333333,ER,1
1578,143,5,"[64.0, 0.0, 0.0]",0.0,,ER,1
1579,143,6,"[0.0, 64.0, 0.0]",0.0,,ER,1
1580,143,7,"[0.0, 0.0, 0.0]",0.0,1.0,ER,1
1581,143,8,"[0.0, 0.0, 64.0]",0.0,0.3333333333333333,ER,1
1582,143,9,"[64.0, 64.0, 64.0]",0.0,,ER,1
1583,143,10,"[0.5, 0.0, 64.0]",1.0,0.3333333333333333,ER,1
1584,144,0,"[0.0, 0.0, 0.0]",0.0,1.0,ER,1
1585,144,1,"[0.0, 0.0, 0.0]",0.0,1.0,ER,1
1586,144,2,"[0.0, 0.0, 0.0]",0.0,1.0,ER,1
1587,144,3,"[0.0, 64.0, 0.0]",0.0,,ER,1
1588,144,4,"[0.0, 0.0, 64.0]",0.0,0.3333333333333333,ER,1
1589,144,5,"[64.0, 0.0, 0.0]",0.0,,ER,1
1590,144,6,"[0.0, 64.0, 0.0]",0.0,,ER,1
1591,144,7,"[0.0, 0.0, 0.0]",0.0,1.0,ER,1
1592,144,8,"[0.0, 0.0, 64.0]",0.0,0.3333333333333333,ER,1
1593,144,9,"[64.0, 64.0, 64.0]",0.0,,ER,1
1594,144,10,"[0.5, 0.0, 64.0]",1.0,0.3333333333333333,ER,1
1595,145,0,"[0.0, 0.0, 0.0]",0.0,,ER,1
1596,145,1,"[0.0, 0.0, 0.0]",0.0,,ER,1
1597,145,2,"[0.0, 0.0, 0.0]",0.0,,ER,1
1598,145,3,"[0.0, 64.0, 0.0]",0.0,0.3333333333333333,ER,1
1599,145,4,"[0.0, 0.0, 64.0]",0.0,0.3333333333333333,ER,1
1600,145,5,"[64.0, 0.0, 0.0]",0.0,,ER,1
1601,145,6,"[0.0, 64.0, 0.0]",0.0,0.3333333333333333,ER,1
1602,145,7,"[0.0, 0.0, 0.0]",0.0,,ER,1
1603,145,8,"[0.0, 0.0, 64.0]",0.0,0.3333333333333333,ER,1
1604,145,9,"[64.0, 64.0, 64.0]",0.0,,ER,1
1605,145,10,"[0.5, 0.0, 64.0]",1.0,0.3333333333333333,ER,1
1606,146,0,"[0.0, 0.0, 0.0]",0.0,,ER,1
1607,146,1,"[0.0, 0.0, 0.0]",0.0,,ER,1
1608,146,2,"[0.0, 0.0, 0.0]",0.0,,ER,1
1609,146,3,"[0.0, 64.0, 0.0]",0.0,0.3333333333333333,ER,1
1610,146,4,"[0.0, 0.0, 64.0]",0.0,0.3333333333333333,ER,1
1611,146,5,"[64.0, 0.0, 0.0]",0.0,,ER,1
1612,146,6,"[0.0, 64.0, 0.0]",0.0,0.3333333333333333,ER,1
1613,146,7,"[0.0, 0.0, 0.0]",0.0,,ER,1
1614,146,8,"[0.0, 0.0, 64.0]",0.0,0.3333333333333333,ER,1
1615,146,9,"[64.0, 64.0, 64.0]",0.0,0.3333333333333333,ER,1
1616,146,10,"[0.5, 0.0, 64.0]",1.0,0.3333333333333333,ER,1
1617,147,0,"[0.0, 0.0, 0.0]",0.0,,ER,1
1618,147,1,"[0.0, 0.0, 0.0]",0.0,,ER,1
1619,147,2,"[0.0, 0.0, 0.0]",0.0,,ER,1
1620,147,3,"[0.0, 64.0, 0.0]",0.0,,ER,1
1621,147,4,"[0.0, 0.0, 64.0]",0.0,0.3333333333333333,ER,1
1622,147,5,"[64.0, 0.0, 0.0]",0.0,,ER,1
1623,147,6,"[0.0, 64.0, 0.0]",0.0,,ER,1
1624,147,7,"[0.0, 0.0, 0.0]",0.0,,ER,1
1625,147,8,"[0.0, 0.0, 64.0]",0.0,0.3333333333333333,ER,1
1626,147,9,"[64.0, 64.0, 64.0]",0.0,0.3333333333333333,ER,1
1627,147,10,"[0.5, 0.0, 64.0]",1.0,0.3333333333333333,ER,1
1628,148,0,"[0.0, 0.0, 0.0]",0.0,0.3333333333333333,ER,1
1629,148,1,"[0.0, 0.0, 0.0]",0.0,0.3333333333333333,ER,1
1630,148,2,"[0.0, 0.0, 0.0]",0.0,0.3333333333333333,ER,1
1631,148,3,"[0.0, 64.0, 0.0]",0.0,,ER,1
1632,148,4,"[0.0, 0.0, 64.0]",0.0,,ER,1
1633,148,5,"[64.0, 0.0, 0.0]",0.0,,ER,1
1634,148,6,"[0.0, 64.0, 0.0]",0.0,,ER,1
1635,148,7,"[0.0, 0.0, 0.0]",0.0,0.3333333333333333,ER,1
1636,148,8,"[0.0, 0.0, 64.0]",0.0,,ER,1
1637,148,9,"[64.0, 64.0, 64.0]",0.0,,ER,1
1638,148,10,"[0.5, 0.0, 64.0]",1.0,,ER,1
1639,149,0,"[0.0, 0.0, 0.0]",0.0,0.3333333333333333,ER,1
1640,149,1,"[0.0, 0.0, 0.0]",0.0,0.3333333333333333,ER,1
1641,149,2,"[0.0, 0.0, 0.0]",0.0,0.3333333333333333,ER,1
1642,149,3,"[0.0, 64.0, 0.0]",0.0,,ER,1
1643,149,4,"[0.0, 0.0, 64.0]",0.0,,ER,1
1644,149,5,"[64.0, 0.0, 0.0]",0.0,,ER,1
1645,149,6,"[0.0, 64.0, 0.0]",0.0,,ER,1
1646,149,7,"[0.0, 0.0, 0.0]",0.0,0.3333333333333333,ER,1
1647,149,8,"[0.0, 0.0, 64.0]",0.0,,ER,1
1648,149,9,"[64.0, 64.0, 64.0]",0.0,0.3333333333333333,ER,1
1649,149,10,"[0.5, 0.0, 64.0]",1.0,,ER,1
1650,150,0,"[0.0, 0.0, 0.0]",0.0,1.0,ER,1
1651,150,1,"[0.0, 0.0, 0.0]",0.0,1.0,ER,1
1652,150,2,"[0.0, 0.0, 0.0]",0.0,1.0,ER,1
1653,150,3,"[0.0, 64.0, 0.0]",0.0,,ER,1
1654,150,4,"[0.0, 0.0, 64.0]",0.0,,ER,1
1655,150,5,"[64.0, 0.0, 0.0]",0.0,,ER,1
1656,150,6,"[0.0, 64.0, 0.0]",0.0,,ER,1
1657,150,7,"[0.0, 0.0, 0.0]",0.0,1.0,ER,1
1658,150,8,"[0.0, 0.0, 64.0]",0.0,,ER,1
1659,150,9,"[64.0, 64.0, 64.0]",0.0,1.0,ER,1
1660,150,10,"[0.5, 0.0, 64.0]",1.0,,ER,1
1661,151,0,"[0.0, 0.0, 0.0]",0.0,,ER,1
1662,151,1,"[0.0, 0.0, 0.0]",0.0,,ER,1
1663,151,2,"[0.0, 0.0, 0.0]",0.0,,ER,1
1664,151,3,"[0.0, 64.0, 0.0]",0.0,,ER,1
1665,151,4,"[0.0, 0.0, 64.0]",0.0,,ER,1
1666,151,5,"[64.0, 0.0, 0.0]",0.0,,ER,1
1667,151,6,"[0.0, 64.0, 0.0]",0.0,,ER,1
1668,151,7,"[0.0, 0.0, 0.0]",0.0,,ER,1
1669,151,8,"[0.0, 0.0, 64.0]",0.0,,ER,1
1670,151,9,"[64.0, 64.0, 64.0]",0.0,,ER,1
1671,151,10,"[0.5, 0.0, 64.0]",1.0,,ER,1
1672,152,0,"[0.0, 0.0, 0.0]",0.0,0.3333333333333333,ER,1
1673,152,1,"[0.0, 0.0, 0.0]",0.0,0.3333333333333333,ER,1
1674,152,2,"[0.0, 0.0, 0.0]",0.0,0.3333333333333333,ER,1
1675,152,3,"[0.0, 64.0, 0.0]",0.0,,ER,1
1676,152,4,"[0.0, 0.0, 64.0]",0.0,,ER,1
1677,152,5,"[64.0, 0.0, 0.0]",0.0,,ER,1
1678,152,6,"[0.0, 64.0, 0.0]",0.0,,ER,1
1679,152,7,"[0.0, 0.0, 0.0]",0.0,0.3333333333333333,ER,1
1680,152,8,"[0.0, 0.0, 64.0]",0.0,,ER,1
1681,152,9,"[64.0, 64.0, 64.0]",0.0,,ER,1
1682,152,10,"[0.5, 0.0, 64.0]",1.0,,ER,1
1683,153,0,"[0.0, 0.0, 0.0]",0.0,,ER,1
1684,153,1,"[0.0, 0.0, 0.0]",0.0,,ER,1
1685,153,2,"[0.0, 0.0, 0.0]",0.0,,ER,1
1686,153,3,"[0.0, 64.0, 0.0]",0.0,,ER,1
1687,153,4,"[0.0, 0.0, 64.0]",0.0,0.3333333333333333,ER,1
1688,153,5,"[64.0, 0.0, 0.0]",0.0,,ER,1
1689,153,6,"[0.0, 64.0, 0.0]",0.0,,ER,1
1690,153,7,"[0.0, 0.0, 0.0]",0.0,,ER,1
1691,153,8,"[0.0, 0.0, 64.0]",0.0,0.3333333333333333,ER,1
1692,153,9,"[64.0, 64.0, 64.0]",0.0,,ER,1
1693,153,10,"[0.5, 0.0, 64.0]",1.0,0.3333333333333333,ER,1
1694,154,0,"[0.0, 0.0, 0.0]",0.0,,ER,1
1695,154,1,"[0.0, 0.0, 0.0]",0.0,,ER,1
1696,154,2,"[0.0, 0.0, 0.0]",0.0,,ER,1
1697,154,3,"[0.0, 64.0, 0.0]",0.0,0.3333333333333333,ER,1
1698,154,4,"[0.0, 0.0, 64.0]",0.0,,ER,1
1699,154,5,"[64.0, 0.0, 0.0]",0.0,,ER,1
1700,154,6,"[0.0, 64.0, 0.0]",0.0,0.3333333333333333,ER,1
1701,154,7,"[0.0, 0.0, 0.0]",0.0,,ER,1
1702,154,8,"[0.0, 0.0, 64.0]",0.0,,ER,1
1703,154,9,"[64.0, 64.0, 64.0]",0.0,,ER,1
1704,154,10,"[0.5, 0.0, 64.0]",1.0,,ER,1
1705,155,0,"[0.0, 0.0, 0.0]",0.0,0.3333333333333333,ER,1
1706,155,1,"[0.0, 0.0, 0.0]",0.0,0.3333333333333333,ER,1
1707,155,2,"[0.0, 0.0, 0.0]",0.0,0.3333333333333333,ER,1
1708,155,3,"[0.0, 64.0, 0.0]",0.0,,ER,1
1709,155,4,"[0.0, 0.0, 64.0]",0.0,,ER,1
1710,155,5,"[64.0, 0.0, 0.0]",0.0,,ER,1
1711,155,6,"[0.0, 64.0, 0.0]",0.0,,ER,1
1712,155,7,"[0.0, 0.0, 0.0]",0.0,0.3333333333333333,ER,1
1713,155,8,"[0.0, 0.0, 64.0]",0.0,,ER,1
1714,155,9,"[64.0, 64.0, 64.0]",0.0,0.3333333333333333,ER,1
1715,155,10,"[0.5, 0.0, 64.0]",1.0,,ER,1
1716,156,0,"[0.0, 0.0, 0.0]",0.0,,ER,1
1717,156,1,"[0.0, 0.0, 0.0]",0.0,,ER,1
1718,156,2,"[0.0, 0.0, 0.0]",0.0,,ER,1
1719,156,3,"[0.0, 64.0, 0.0]",0.0,,ER,1
1720,156,4,"[0.0, 0.0, 64.0]",0.0,0.3333333333333333,ER,1
1721,156,5,"[64.0, 0.0, 0.0]",0.0,,ER,1
1722,156,6,"[0.0, 64.0, 0.0]",0.0,,ER,1
1723,156,7,"[0.0, 0.0, 0.0]",0.0,,ER,1
1724,156,8,"[0.0, 0.0, 64.0]",0.0,0.3333333333333333,ER,1
1725,156,9,"[64.0, 64.0, 64.0]",0.0,,ER,1
1726,156,10,"[0.5, 0.0, 64.0]",1.0,0.3333333333333333,ER,1
1727,157,0,"[0.0, 0.0, 0.0]",0.0,,ER,1
1728,157,1,"[0.0, 0.0, 0.0]",0.0,,ER,1
1729,157,2,"[0.0, 0.0, 0.0]",0.0,,ER,1
1730,157,3,"[0.0, 64.0, 0.0]",0.0,0.3333333333333333,ER,1
1731,157,4,"[0.0, 0.0, 64.0]",0.0,,ER,1
1732,157,5,"[64.0, 0.0, 0.0]",0.0,,ER,1
1733,157,6,"[0.0, 64.0, 0.0]",0.0,0.3333333333333333,ER,1
1734,157,7,"[0.0, 0.0, 0.0]",0.0,,ER,1
1735,157,8,"[0.0, 0.0, 64.0]",0.0,,ER,1
1736,157,9,"[64.0, 64.0, 64.0]",0.0,,ER,1
1737,157,10,"[0.5, 0.0, 64.0]",1.0,,ER,1
1738,158,0,"[0.0, 0.0, 0.0]",0.0,1.0,ER,1
1739,158,1,"[0.0, 0.0, 0.0]",0.0,1.0,ER,1
1740,158,2,"[0.0, 0.0, 0.0]",0.0,1.0,ER,1
1741,158,3,"[0.0, 64.0, 0.0]",0.0,,ER,1
1742,158,4,"[0.0, 0.0, 64.0]",0.0,0.3333333333333333,ER,1
1743,158,5,"[64.0, 0.0, 0.0]",0.0,,ER,1
1744,158,6,"[0.0, 64.0, 0.0]",0.0,,ER,1
1745,158,7,"[0.0, 0.0, 0.0]",0.0,1.0,ER,1
1746,158,8,"[0.0, 0.0, 64.0]",0.0,0.3333333333333333,ER,1
1747,158,9,"[64.0, 64.0, 64.0]",0.0,,ER,1
1748,158,10,"[0.5, 0.0, 64.0]",1.0,0.3333333333333333,ER,1
1749,159,0,"[0.0, 0.0, 0.0]",0.0,,ER,1
1750,159,1,"[0.0, 0.0, 0.0]",0.0,,ER,1
1751,159,2,"[0.0, 0.0, 0.0]",0.0,,ER,1
1752,159,3,"[0.0, 64.0, 0.0]",0.0,0.3333333333333333,ER,1
1753,159,4,"[0.0, 0.0, 64.0]",0.0,1.0,ER,1
1754,159,5,"[64.0, 0.0, 0.0]",0.0,,ER,1
1755,159,6,"[0.0, 64.0, 0.0]",0.0,0.3333333333333333,ER,1
1756,159,7,"[0.0, 0.0, 0.0]",0.0,,ER,1
1757,159,8,"[0.0, 0.0, 64.0]",0.0,1.0,ER,1
1758,159,9,"[64.0, 64.0, 64.0]",0.0,,ER,1
1759,159,10,"[0.5, 0.0, 64.0]",1.0,1.0,ER,1
1760,160,0,"[0.0, 0.0, 0.0]",0.0,,ER,1
1761,160,1,"[0.0, 0.0, 0.0]",0.0,,ER,1
1762,160,2,"[0.0, 0.0, 0.0]",0.0,,ER,1
1763,160,3,"[0.0, 64.0, 0.0]",0.0,,ER,1
1764,160,4,"[0.0, 0.0, 64.0]",0.0,,ER,1
1765,160,5,"[64.0, 0.0, 0.0]",0.0,,ER,1
1766,160,6,"[0.0, 64.0, 0.0]",0.0,,ER,1
1767,160,7,"[0.0, 0.0, 0.0]",0.0,,ER,1
1768,160,8,"[0.0, 0.0, 64.0]",0.0,,ER,1
1769,160,9,"[64.0, 64.0, 64.0]",0.0,0.3333333333333333,ER,1
1770,160,10,"[0.5, 0.0, 64.0]",1.0,,ER,1
1771,161,0,"[0.0, 0.0, 0.0]",0.0,,ER,1
1772,161,1,"[0.0, 0.0, 0.0]",0.0,,ER,1
1773,161,2,"[0.0, 0.0, 0.0]",0.0,,ER,1
1774,161,3,"[0.0, 64.0, 0.0]",0.0,,ER,1
1775,161,4,"[0.0, 0.0, 64.0]",0.0,,ER,1
1776,161,5,"[64.0, 0.0, 0.0]",0.0,,ER,1
1777,161,6,"[0.0, 64.0, 0.0]",0.0,,ER,1
1778,161,7,"[0.0, 0.0, 0.0]",0.0,,ER,1
1779,161,8,"[0.0, 0.0, 64.0]",0.0,,ER,1
1780,161,9,"[64.0, 64.0, 64.0]",0.0,0.3333333333333333,ER,1
1781,161,10,"[0.5, 0.0, 64.0]",1.0,,ER,1
1782,162,0,"[0.0, 0.0, 0.0]",0.0,,ER,1
1783,162,1,"[0.0, 0.0, 0.0]",0.0,,ER,1
1784,162,2,"[0.0, 0.0, 0.0]",0.0,,ER,1
1785,162,3,"[0.0, 64.0, 0.0]",0.0,,ER,1
1786,162,4,"[0.0, 0.0, 64.0]",0.0,,ER,1
1787,162,5,"[64.0, 0.0, 0.0]",0.0,,ER,1
1788,162,6,"[0.0, 64.0, 0.0]",0.0,,ER,1
1789,162,7,"[0.0, 0.0, 0.0]",0.0,,ER,1
1790,162,8,"[0.0, 0.0, 64.0]",0.0,,ER,1
1791,162,9,"[64.0, 64.0, 64.0]",0.0,0.3333333333333333,ER,1
1792,162,10,"[0.5, 0.0, 64.0]",1.0,0.3333333333333333,ER,1
1793,163,0,"[0.0, 0.0, 0.0]",0.0,0.3333333333333333,ER,1
1794,163,1,"[0.0, 0.0, 0.0]",0.0,0.3333333333333333,ER,1
1795,163,2,"[0.0, 0.0, 0.0]",0.0,0.3333333333333333,ER,1
1796,163,3,"[0.0, 64.0, 0.0]",0.0,,ER,1
1797,163,4,"[0.0, 0.0, 64.0]",0.0,,ER,1
1798,163,5,"[64.0, 0.0, 0.0]",0.0,,ER,1
1799,163,6,"[0.0, 64.0, 0.0]",0.0,,ER,1
1800,163,7,"[0.0, 0.0, 0.0]",0.0,0.3333333333333333,ER,1
1801,163,8,"[0.0, 0.0, 64.0]",0.0,,ER,1
1802,163,9,"[64.0, 64.0, 64.0]",0.0,,ER,1
1803,163,10,"[0.5, 0.0, 64.0]",1.0,,ER,1
1804,164,0,"[0.0, 0.0, 0.0]",0.0,1.0,ER,1
1805,164,1,"[0.0, 0.0, 0.0]",0.0,1.0,ER,1
1806,164,2,"[0.0, 0.0, 0.0]",0.0,1.0,ER,1
1807,164,3,"[0.0, 64.0, 0.0]",0.0,1.0,ER,1
1808,164,4,"[0.0, 0.0, 64.0]",0.0,,ER,1
1809,164,5,"[64.0, 0.0, 0.0]",0.0,,ER,1
1810,164,6,"[0.0, 64.0, 0.0]",0.0,1.0,ER,1
1811,164,7,"[0.0, 0.0, 0.0]",0.0,1.0,ER,1
1812,164,8,"[0.0, 0.0, 64.0]",0.0,,ER,1
1813,164,9,"[64.0, 64.0, 64.0]",0.0,,ER,1
1814,164,10,"[0.5, 0.0, 64.0]",1.0,,ER,1
1815,165,0,"[0.0, 0.0, 0.0]",0.0,,ER,1
1816,165,1,"[0.0, 0.0, 0.0]",0.0,,ER,1
1817,165,2,"[0.0, 0.0, 0.0]",0.0,,ER,1
1818,165,3,"[0.0, 64.0, 0.0]",0.0,,ER,1
1819,165,4,"[0.0, 0.0, 64.0]",0.0,0.3333333333333333,ER,1
1820,165,5,"[64.0, 0.0, 0.0]",0.0,,ER,1
1821,165,6,"[0.0, 64.0, 0.0]",0.0,,ER,1
1822,165,7,"[0.0, 0.0, 0.0]",0.0,,ER,1
1823,165,8,"[0.0, 0.0, 64.0]",0.0,0.3333333333333333,ER,1
1824,165,9,"[64.0, 64.0, 64.0]",0.0,,ER,1
1825,165,10,"[0.5, 0.0, 64.0]",1.0,0.3333333333333333,ER,1
1826,166,0,"[0.0, 0.0, 0.0]",0.0,0.3333333333333333,ER,1
1827,166,1,"[0.0, 0.0, 0.0]",0.0,0.3333333333333333,ER,1
1828,166,2,"[0.0, 0.0, 0.0]",0.0,0.3333333333333333,ER,1
1829,166,3,"[0.0, 64.0, 0.0]",0.0,,ER,1
1830,166,4,"[0.0, 0.0, 64.0]",0.0,,ER,1
1831,166,5,"[64.0, 0.0, 0.0]",0.0,,ER,1
1832,166,6,"[0.0, 64.0, 0.0]",0.0,,ER,1
1833,166,7,"[0.0, 0.0, 0.0]",0.0,0.3333333333333333,ER,1
1834,166,8,"[0.0, 0.0, 64.0]",0.0,,ER,1
1835,166,9,"[64.0, 64.0, 64.0]",0.0,,ER,1
1836,166,10,"[0.5, 0.0, 64.0]",1.0,,ER,1
1837,167,0,"[0.0, 0.0, 0.0]",0.0,,ER,1
1838,167,1,"[0.0, 0.0, 0.0]",0.0,,ER,1
1839,167,2,"[0.0, 0.0, 0.0]",0.0,,ER,1
1840,167,3,"[0.0, 64.0, 0.0]",0.0,0.3333333333333333,ER,1
1841,167,4,"[0.0, 0.0, 64.0]",0.0,,ER,1
1842,167,5,"[64.0, 0.0, 0.0]",0.0,,ER,1
1843,167,6,"[0.0, 64.0, 0.0]",0.0,0.3333333333333333,ER,1
1844,167,7,"[0.0, 0.0, 0.0]",0.0,,ER,1
1845,167,8,"[0.0, 0.0, 64.0]",0.0,,ER,1
1846,167,9,"[64.0, 64.0, 64.0]",0.0,0.3333333333333333,ER,1
1847,167,10,"[0.5, 0.0, 64.0]",1.0,,ER,1
1848,168,0,"[0.0, 0.0, 0.0]",0.0,1.0,ER,1
1849,168,1,"[0.0, 0.0, 0.0]",0.0,1.0,ER,1
1850,168,2,"[0.0, 0.0, 0.0]",0.0,1.0,ER,1
1851,168,3,"[0.0, 64.0, 0.0]",0.0,,ER,1
1852,168,4,"[0.0, 0.0, 64.0]",0.0,,ER,1
1853,168,5,"[64.0, 0.0, 0.0]",0.0,,ER,1
1854,168,6,"[0.0, 64.0, 0.0]",0.0,,ER,1
1855,168,7,"[0.0, 0.0, 0.0]",0.0,1.0,ER,1
1856,168,8,"[0.0, 0.0, 64.0]",0.0,,ER,1
1857,168,9,"[64.0, 64.0, 64.0]",0.0,,ER,1
1858,168,10,"[0.5, 0.0, 64.0]",1.0,,ER,1
1859,169,0,"[0.0, 0.0, 0.0]",0.0,,ER,1
1860,169,1,"[0.0, 0.0, 0.0]",0.0,,ER,1
1861,169,2,"[0.0, 0.0, 0.0]",0.0,,ER,1
1862,169,3,"[0.0, 64.0, 0.0]",0.0,,ER,1
1863,169,4,"[0.0, 0.0, 64.0]",0.0,,ER,1
1864,169,5,"[64.0, 0.0, 0.0]",0.0,,ER,1
1865,169,6,"[0.0, 64.0, 0.0]",0.0,,ER,1
1866,169,7,"[0.0, 0.0, 0.0]",0.0,,ER,1
1867,169,8,"[0.0, 0.0, 64.0]",0.0,,ER,1
1868,169,9,"[64.0, 64.0, 64.0]",0.0,,ER,1
1869,169,10,"[0.5, 0.0, 64.0]",1.0,1.0,ER,1
1870,170,0,"[0.0, 0.0, 0.0]",0.0,1.0,ER,1
1871,170,1,"[0.0, 0.0, 0.0]",0.0,1.0,ER,1
1872,170,2,"[0.0, 0.0, 0.0]",0.0,1.0,ER,1
1873,170,3,"[0.0, 64.0, 0.0]",0.0,,ER,1
1874,170,4,"[0.0, 0.0, 64.0]",0.0,0.3333333333333333,ER,1
1875,170,5,"[64.0, 0.0, 0.0]",0.0,,ER,1
1876,170,6,"[0.0, 64.0, 0.0]",0.0,,ER,1
1877,170,7,"[0.0, 0.0, 0.0]",0.0,1.0,ER,1
1878,170,8,"[0.0, 0.0, 64.0]",0.0,0.3333333333333333,ER,1
1879,170,9,"[64.0, 64.0, 64.0]",0.0,,ER,1
1880,170,10,"[0.5, 0.0, 64.0]",1.0,0.3333333333333333,ER,1
1881,171,0,"[0.0, 0.0, 0.0]",0.0,1.0,ER,1
1882,171,1,"[0.0, 0.0, 0.0]",0.0,1.0,ER,1
1883,171,2,"[0.0, 0.0, 0.0]",0.0,1.0,ER,1
1884,171,3,"[0.0, 64.0, 0.0]",0.0,0.3333333333333333,ER,1
1885,171,4,"[0.0, 0.0, 64.0]",0.0,,ER,1
1886,171,5,"[64.0, 0.0, 0.0]",0.0,,ER,1
1887,171,6,"[0.0, 64.0, 0.0]",0.0,0.3333333333333333,ER,1
1888,171,7,"[0.0, 0.0, 0.0]",0.0,1.0,ER,1
1889,171,8,"[0.0, 0.0, 64.0]",0.0,,ER,1
1890,171,9,"[64.0, 64.0, 64.0]",0.0,,ER,1
1891,171,10,"[0.5, 0.0, 64.0]",1.0,,ER,1
1892,172,0,"[0.0, 0.0, 0.0]",0.0,,ER,1
1893,172,1,"[0.0, 0.0, 0.0]",0.0,,ER,1
1894,172,2,"[0.0, 0.0, 0.0]",0.0,,ER,1
1895,172,3,"[0.0, 64.0, 0.0]",0.0,1.0,ER,1
1896,172,4,"[0.0, 0.0, 64.0]",0.0,,ER,1
1897,172,5,"[64.0, 0.0, 0.0]",0.0,,ER,1
1898,172,6,"[0.0, 64.0, 0.0]",0.0,1.0,ER,1
1899,172,7,"[0.0, 0.0, 0.0]",0.0,,ER,1
1900,172,8,"[0.0, 0.0, 64.0]",0.0,,ER,1
1901,172,9,"[64.0, 64.0, 64.0]",0.0,,ER,1
1902,172,10,"[0.5, 0.0, 64.0]",1.0,,ER,1
1903,173,0,"[0.0, 0.0, 0.0]",0.0,,ER,1
1904,173,1,"[0.0, 0.0, 0.0]",0.0,,ER,1
1905,173,2,"[0.0, 0.0, 0.0]",0.0,,ER,1
1906,173,3,"[0.0, 64.0, 0.0]",0.0,,ER,1
1907,173,4,"[0.0, 0.0, 64.0]",0.0,,ER,1
1908,173,5,"[64.0, 0.0, 0.0]",0.0,,ER,1
1909,173,6,"[0.0, 64.0, 0.0]",0.0,,ER,1
1910,173,7,"[0.0, 0.0, 0.0]",0.0,,ER,1
1911,173,8,"[0.0, 0.0, 64.0]",0.0,,ER,1
1912,173,9,"[64.0, 64.0, 64.0]",0.0,,ER,1
1913,173,10,"[0.5, 0.0, 64.0]",1.0,,ER,1
1914,174,0,"[0.0, 0.0, 0.0]",0.0,,ER,1
1915,174,1,"[0.0, 0.0, 0.0]",0.0,,ER,1
1916,174,2,"[0.0, 0.0, 0.0]",0.0,,ER,1
1917,174,3,"[0.0, 64.0, 0.0]",0.0,0.3333333333333333,ER,1
1918,174,4,"[0.0, 0.0, 64.0]",0.0,,ER,1
1919,174,5,"[64.0, 0.0, 0.0]",0.0,,ER,1
1920,174,6,"[0.0, 64.0, 0.0]",0.0,0.3333333333333333,ER,1
1921,174,7,"[0.0, 0.0, 0.0]",0.0,,ER,1
1922,174,8,"[0.0, 0.0, 64.0]",0.0,,ER,1
1923,174,9,"[64.0, 64.0, 64.0]",0.0,0.3333333333333333,ER,1
1924,174,10,"[0.5, 0.0, 64.0]",1.0,,ER,1
1925,175,0,"[0.0, 0.0, 0.0]",0.0,,ER,1
1926,175,1,"[0.0, 0.0, 0.0]",0.0,,ER,1
1927,175,2,"[0.0, 0.0, 0.0]",0.0,,ER,1
1928,175,3,"[0.0, 64.0, 0.0]",0.0,,ER,1
1929,175,4,"[0.0, 0.0, 64.0]",0.0,,ER,1
1930,175,5,"[64.0, 0.0, 0.0]",0.0,,ER,1
1931,175,6,"[0.0, 64.0, 0.0]",0.0,,ER,1
1932,175,7,"[0.0, 0.0, 0.0]",0.0,,ER,1
1933,175,8,"[0.0, 0.0, 64.0]",0.0,,ER,1
1934,175,9,"[64.0, 64.0, 64.0]",0.0,0.3333333333333333,ER,1
1935,175,10,"[0.5, 0.0, 64.0]",1.0,,ER,1
1936,176,0,"[0.0, 0.0, 0.0]",0.0,,ER,1
1937,176,1,"[0.0, 0.0, 0.0]",0.0,,ER,1
1938,176,2,"[0.0, 0.0, 0.0]",0.0,,ER,1
1939,176,3,"[0.0, 64.0, 0.0]",0.0,1.0,ER,1
1940,176,4,"[0.0, 0.0, 64.0]",0.0,,ER,1
1941,176,5,"[64.0, 0.0, 0.0]",0.0,,ER,1
1942,176,6,"[0.0, 64.0, 0.0]",0.0,1.0,ER,1
1943,176,7,"[0.0, 0.0, 0.0]",0.0,,ER,1
1944,176,8,"[0.0, 0.0, 64.0]",0.0,,ER,1
1945,176,9,"[64.0, 64.0, 64.0]",0.0,0.3333333333333333,ER,1
1946,176,10,"[0.5, 0.0, 64.0]",1.0,,ER,1
1947,177,0,"[0.0, 0.0, 0.0]",0.0,1.0,ER,1
1948,177,1,"[0.0, 0.0, 0.0]",0.0,1.0,ER,1
1949,177,2,"[0.0, 0.0, 0.0]",0.0,1.0,ER,1
1950,177,3,"[0.0, 64.0, 0.0]",0.0,0.3333333333333333,ER,1
1951,177,4,"[0.0, 0.0, 64.0]",0.0,,ER,1
1952,177,5,"[64.0, 0.0, 0.0]",0.0,,ER,1
1953,177,6,"[0.0, 64.0, 0.0]",0.0,0.3333333333333333,ER,1
1954,177,7,"[0.0, 0.0, 0.0]",0.0,1.0,ER,1
1955,177,8,"[0.0, 0.0, 64.0]",0.0,,ER,1
1956,177,9,"[64.0, 64.0, 64.0]",0.0,,ER,1
1957,177,10,"[0.5, 0.0, 64.0]",1.0,,ER,1
1958,178,0,"[0.0, 0.0, 0.0]",0.0,0.3333333333333333,ER,1
1959,178,1,"[0.0, 0.0, 0.0]",0.0,0.3333333333333333,ER,1
1960,178,2,"[0.0, 0.0, 0.0]",0.0,0.3333333333333333,ER,1
1961,178,3,"[0.0, 64.0, 0.0]",0.0,,ER,1
1962,178,4,"[0.0, 0.0, 64.0]",0.0,,ER,1
1963,178,5,"[64.0, 0.0, 0.0]",0.0,,ER,1
1964,178,6,"[0.0, 64.0, 0.0]",0.0,,ER,1
1965,178,7,"[0.0, 0.0, 0.0]",0.0,0.3333333333333333,ER,1
1966,178,8,"[0.0, 0.0, 64.0]",0.0,,ER,1
1967,178,9,"[64.0, 64.0, 64.0]",0.0,,ER,1
1968,178,10,"[0.5, 0.0, 64.0]",1.0,,ER,1
1969,179,0,"[0.0, 0.0, 0.0]",0.0,,ER,1
1970,179,1,"[0.0, 0.0, 0.0]",0.0,,ER,1
1971,179,2,"[0.0, 0.0, 0.0]",0.0,,ER,1
1972,179,3,"[0.0, 64.0, 0.0]",0.0,1.0,ER,1
1973,179,4,"[0.0, 0.0, 64.0]",0.0,0.3333333333333333,ER,1
1974,179,5,"[64.0, 0.0, 0.0]",0.0,,ER,1
1975,179,6,"[0.0, 64.0, 0.0]",0.0,1.0,ER,1
1976,179,7,"[0.0, 0.0, 0.0]",0.0,,ER,1
1977,179,8,"[0.0, 0.0, 64.0]",0.0,0.3333333333333333,ER,1
1978,179,9,"[64.0, 64.0, 64.0]",0.0,,ER,1
1979,179,10,"[0.5, 0.0, 64.0]",1.0,0.3333333333333333,ER,1
1980,180,0,"[0.0, 0.0, 0.0]",0.0,0.3333333333333333,ER,1
1981,180,1,"[0.0, 0.0, 0.0]",0.0,0.3333333333333333,ER,1
1982,180,2,"[0.0, 0.0, 0.0]",0.0,0.3333333333333333,ER,1
1983,180,3,"[0.0, 64.0, 0.0]",0.0,0.3333333333333333,ER,1
1984,180,4,"[0.0, 0.0, 64.0]",0.0,,ER,1
1985,180,5,"[64.0, 0.0, 0.0]",0.0,,ER,1
1986,180,6,"[0.0, 64.0, 0.0]",0.0,0.3333333333333333,ER,1
1987,180,7,"[0.0, 0.0, 0.0]",0.0,0.3333333333333333,ER,1
1988,180,8,"[0.0, 0.0, 64.0]",0.0,,ER,1
1989,180,9,"[64.0, 64.0, 64.0]",0.0,0.3333333333333333,ER,1
1990,180,10,"[0.5, 0.0, 64.0]",1.0,,ER,1
1991,181,0,"[0.0, 0.0, 0.0]",0.0,,ER,1
1992,181,1,"[0.0, 0.0, 0.0]",0.0,,ER,1
1993,181,2,"[0.0, 0.0, 0.0]",0.0,,ER,1
1994,181,3,"[0.0, 64.0, 0.0]",0.0,,ER,1
1995,181,4,"[0.0, 0.0, 64.0]",0.0,0.3333333333333333,ER,1
1996,181,5,"[64.0, 0.0, 0.0]",0.0,,ER,1
1997,181,6,"[0.0, 64.0, 0.0]",0.0,,ER,1
1998,181,7,"[0.0, 0.0, 0.0]",0.0,,ER,1
1999,181,8,"[0.0, 0.0, 64.0]",0.0,0.3333333333333333,ER,1
2000,181,9,"[64.0, 64.0, 64.0]",0.0,0.3333333333333333,ER,1
2001,181,10,"[0.5, 0.0, 64.0]",1.0,0.3333333333333333,ER,1
2002,182,0,"[0.0, 0.0, 0.0]",0.0,0.3333333333333333,ER,1
2003,182,1,"[0.0, 0.0, 0.0]",0.0,0.3333333333333333,ER,1
2004,182,2,"[0.0, 0.0, 0.0]",0.0,0.3333333333333333,ER,1
2005,182,3,"[0.0, 64.0, 0.0]",0.0,,ER,1
2006,182,4,"[0.0, 0.0, 64.0]",0.0,,ER,1
2007,182,5,"[64.0, 0.0, 0.0]",0.0,,ER,1
2008,182,6,"[0.0, 64.0, 0.0]",0.0,,ER,1
2009,182,7,"[0.0, 0.0, 0.0]",0.0,0.3333333333333333,ER,1
2010,182,8,"[0.0, 0.0, 64.0]",0.0,,ER,1
2011,182,9,"[64.0, 64.0, 64.0]",0.0,0.3333333333333333,ER,1
2012,182,10,"[0.5, 0.0, 64.0]",1.0,,ER,1
2013,183,0,"[0.0, 0.0, 0.0]",0.0,,ER,1
2014,183,1,"[0.0, 0.0, 0.0]",0.0,,ER,1
2015,183,2,"[0.0, 0.0, 0.0]",0.0,,ER,1
2016,183,3,"[0.0, 64.0, 0.0]",0.0,0.3333333333333333,ER,1
2017,183,4,"[0.0, 0.0, 64.0]",0.0,,ER,1
2018,183,5,"[64.0, 0.0, 0.0]",0.0,,ER,1
2019,183,6,"[0.0, 64.0, 0.0]",0.0,0.3333333333333333,ER,1
2020,183,7,"[0.0, 0.0, 0.0]",0.0,,ER,1
2021,183,8,"[0.0, 0.0, 64.0]",0.0,,ER,1
2022,183,9,"[64.0, 64.0, 64.0]",0.0,0.3333333333333333,ER,1
2023,183,10,"[0.5, 0.0, 64.0]",1.0,,ER,1
2024,184,0,"[0.0, 0.0, 0.0]",0.0,,ER,1
2025,184,1,"[0.0, 0.0, 0.0]",0.0,,ER,1
2026,184,2,"[0.0, 0.0, 0.0]",0.0,,ER,1
2027,184,3,"[0.0, 64.0, 0.0]",0.0,0.3333333333333333,ER,1
2028,184,4,"[0.0, 0.0, 64.0]",0.0,,ER,1
2029,184,5,"[64.0, 0.0, 0.0]",0.0,,ER,1
2030,184,6,"[0.0, 64.0, 0.0]",0.0,0.3333333333333333,ER,1
2031,184,7,"[0.0, 0.0, 0.0]",0.0,,ER,1
2032,184,8,"[0.0, 0.0, 64.0]",0.0,,ER,1
2033,184,9,"[64.0, 64.0, 64.0]",0.0,,ER,1
2034,184,10,"[0.5, 0.0, 64.0]",1.0,,ER,1
2035,185,0,"[0.0, 0.0, 0.0]",0.0,0.3333333333333333,ER,1
2036,185,1,"[0.0, 0.0, 0.0]",0.0,0.3333333333333333,ER,1
2037,185,2,"[0.0, 0.0, 0.0]",0.0,0.3333333333333333,ER,1
2038,185,3,"[0.0, 64.0, 0.0]",0.0,,ER,1
2039,185,4,"[0.0, 0.0, 64.0]",0.0,,ER,1
2040,185,5,"[64.0, 0.0, 0.0]",0.0,,ER,1
2041,185,6,"[0.0, 64.0, 0.0]",0.0,,ER,1
2042,185,7,"[0.0, 0.0, 0.0]",0.0,0.3333333333333333,ER,1
2043,185,8,"[0.0, 0.0, 64.0]",0.0,,ER,1
2044,185,9,"[64.0, 64.0, 64.0]",0.0,,ER,1
2045,185,10,"[0.5, 0.0, 64.0]",1.0,,ER,1
2046,186,0,"[0.0, 0.0, 0.0]",0.0,,ER,1
2047,186,1,"[0.0, 0.0, 0.0]",0.0,,ER,1
2048,186,2,"[0.0, 0.0, 0.0]",0.0,,ER,1
2049,186,3,"[0.0, 64.0, 0.0]",0.0,,ER,1
2050,186,4,"[0.0, 0.0, 64.0]",0.0,,ER,1
2051,186,5,"[64.0, 0.0, 0.0]",0.0,,ER,1
2052,186,6,"[0.0, 64.0, 0.0]",0.0,,ER,1
2053,186,7,"[0.0, 0.0, 0.0]",0.0,,ER,1
2054,186,8,"[0.0, 0.0, 64.0]",0.0,,ER,1
2055,186,9,"[64.0, 64.0, 64.0]",0.0,,ER,1
2056,186,10,"[0.5, 0.0, 64.0]",1.0,,ER,1
2057,187,0,"[0.0, 0.0, 0.0]",0.0,,ER,1
2058,187,1,"[0.0, 0.0, 0.0]",0.0,,ER,1
2059,187,2,"[0.0, 0.0, 0.0]",0.0,,ER,1
2060,187,3,"[0.0, 64.0, 0.0]",0.0,,ER,1
2061,187,4,"[0.0, 0.0, 64.0]",0.0,0.3333333333333333,ER,1
2062,187,5,"[64.0, 0.0, 0.0]",0.0,,ER,1
2063,187,6,"[0.0, 64.0, 0.0]",0.0,,ER,1
2064,187,7,"[0.0, 0.0, 0.0]",0.0,,ER,1
2065,187,8,"[0.0, 0.0, 64.0]",0.0,0.3333333333333333,ER,1
2066,187,9,"[64.0, 64.0, 64.0]",0.0,0.0,ER,1
2067,187,10,"[0.5, 0.0, 64.0]",1.0,0.3333333333333333,ER,1
2068,188,0,"[0.0, 0.0, 0.0]",0.0,0.3333333333333333,ER,1
2069,188,1,"[0.0, 0.0, 0.0]",0.0,0.3333333333333333,ER,1
2070,188,2,"[0.0, 0.0, 0.0]",0.0,0.3333333333333333,ER,1
2071,188,3,"[0.0, 64.0, 0.0]",0.0,,ER,1
2072,188,4,"[0.0, 0.0, 64.0]",0.0,,ER,1
2073,188,5,"[64.0, 0.0, 0.0]",0.0,,ER,1
2074,188,6,"[0.0, 64.0, 0.0]",0.0,,ER,1
2075,188,7,"[0.0, 0.0, 0.0]",0.0,0.3333333333333333,ER,1
2076,188,8,"[0.0, 0.0, 64.0]",0.0,,ER,1
2077,188,9,"[64.0, 64.0, 64.0]",0.0,,ER,1
2078,188,10,"[0.5, 0.0, 64.0]",1.0,,ER,1
2079,189,0,"[0.0, 0.0, 0.0]",0.0,0.3333333333333333,ER,1
2080,189,1,"[0.0, 0.0, 0.0]",0.0,0.3333333333333333,ER,1
2081,189,2,"[0.0, 0.0, 0.0]",0.0,0.3333333333333333,ER,1
2082,189,3,"[0.0, 64.0, 0.0]",0.0,,ER,1
2083,189,4,"[0.0, 0.0, 64.0]",0.0,,ER,1
2084,189,5,"[64.0, 0.0, 0.0]",0.0,,ER,1
2085,189,6,"[0.0, 64.0, 0.0]",0.0,,ER,1
2086,189,7,"[0.0, 0.0, 0.0]",0.0,0.3333333333333333,ER,1
2087,189,8,"[0.0, 0.0, 64.0]",0.0,,ER,1
2088,189,9,"[64.0, 64.0, 64.0]",0.0,,ER,1
2089,189,10,"[0.5, 0.0, 64.0]",1.0,,ER,1
2090,190,0,"[0.0, 0.0, 0.0]",0.0,0.3333333333333333,ER,1
2091,190,1,"[0.0, 0.0, 0.0]",0.0,0.3333333333333333,ER,1
2092,190,2,"[0.0, 0.0, 0.0]",0.0,0.3333333333333333,ER,1
2093,190,3,"[0.0, 64.0, 0.0]",0.0,,ER,1
2094,190,4,"[0.0, 0.0, 64.0]",0.0,,ER,1
2095,190,5,"[64.0, 0.0, 0.0]",0.0,,ER,1
2096,190,6,"[0.0, 64.0, 0.0]",0.0,,ER,1
2097,190,7,"[0.0, 0.0, 0.0]",0.0,0.3333333333333333,ER,1
2098,190,8,"[0.0, 0.0, 64.0]",0.0,,ER,1
2099,190,9,"[64.0, 64.0, 64.0]",0.0,,ER,1
2100,190,10,"[0.5, 0.0, 64.0]",1.0,,ER,1
2101,191,0,"[0.0, 0.0, 0.0]",0.0,,ER,1
2102,191,1,"[0.0, 0.0, 0.0]",0.0,,ER,1
2103,191,2,"[0.0, 0.0, 0.0]",0.0,,ER,1
2104,191,3,"[0.0, 64.0, 0.0]",0.0,0.3333333333333333,ER,1
2105,191,4,"[0.0, 0.0, 64.0]",0.0,,ER,1
2106,191,5,"[64.0, 0.0, 0.0]",0.0,,ER,1
2107,191,6,"[0.0, 64.0, 0.0]",0.0,0.3333333333333333,ER,1
2108,191,7,"[0.0, 0.0, 0.0]",0.0,,ER,1
2109,191,8,"[0.0, 0.0, 64.0]",0.0,,ER,1
2110,191,9,"[64.0, 64.0, 64.0]",0.0,,ER,1
2111,191,10,"[0.5, 0.0, 64.0]",1.0,,ER,1
2112,192,0,"[0.0, 0.0, 0.0]",0.0,,ER,1
2113,192,1,"[0.0, 0.0, 0.0]",0.0,,ER,1
2114,192,2,"[0.0, 0.0, 0.0]",0.0,,ER,1
2115,192,3,"[0.0, 64.0, 0.0]",0.0,0.3333333333333333,ER,1
2116,192,4,"[0.0, 0.0, 64.0]",0.0,0.3333333333333333,ER,1
2117,192,5,"[64.0, 0.0, 0.0]",0.0,,ER,1
2118,192,6,"[0.0, 64.0, 0.0]",0.0,0.3333333333333333,ER,1
2119,192,7,"[0.0, 0.0, 0.0]",0.0,,ER,1
2120,192,8,"[0.0, 0.0, 64.0]",0.0,0.3333333333333333,ER,1
2121,192,9,"[64.0, 64.0, 64.0]",0.0,,ER,1
2122,192,10,"[0.5, 0.0, 64.0]",1.0,0.3333333333333333,ER,1
2123,193,0,"[0.0, 0.0, 0.0]",0.0,,ER,1
2124,193,1,"[0.0, 0.0, 0.0]",0.0,,ER,1
2125,193,2,"[0.0, 0.0, 0.0]",0.0,,ER,1
2126,193,3,"[0.0, 64.0, 0.0]",0.0,,ER,1
2127,193,4,"[0.0, 0.0, 64.0]",0.0,0.3333333333333333,ER,1
2128,193,5,"[64.0, 0.0, 0.0]",0.0,,ER,1
2129,193,6,"[0.0, 64.0, 0.0]",0.0,,ER,1
2130,193,7,"[0.0, 0.0, 0.0]",0.0,,ER,1
2131,193,8,"[0.0, 0.0, 64.0]",0.0,0.3333333333333333,ER,1
2132,193,9,"[64.0, 64.0, 64.0]",0.0,0.3333333333333333,ER,1
2133,193,10,"[0.5, 0.0, 64.0]",1.0,0.3333333333333333,ER,1
2134,194,0,"[0.0, 0.0, 0.0]",0.0,0.3333333333333333,ER,1
2135,194,1,"[0.0, 0.0, 0.0]",0.0,0.3333333333333333,ER,1
2136,194,2,"[0.0, 0.0, 0.0]",0.0,0.3333333333333333,ER,1
2137,194,3,"[0.0, 64.0, 0.0]",0.0,,ER,1
2138,194,4,"[0.0, 0.0, 64.0]",0.0,,ER,1
2139,194,5,"[64.0, 0.0, 0.0]",0.0,,ER,1
2140,194,6,"[0.0, 64.0, 0.0]",0.0,,ER,1
2141,194,7,"[0.0, 0.0, 0.0]",0.0,0.3333333333333333,ER,1
2142,194,8,"[0.0, 0.0, 64.0]",0.0,,ER,1
2143,194,9,"[64.0, 64.0, 64.0]",0.0,,ER,1
2144,194,10,"[0.5, 0.0, 64.0]",1.0,,ER,1
2145,195,0,"[0.0, 0.0, 0.0]",0.0,0.3333333333333333,ER,1
2146,195,1,"[0.0, 0.0, 0.0]",0.0,0.3333333333333333,ER,1
2147,195,2,"[0.0, 0.0, 0.0]",0.0,0.3333333333333333,ER,1
2148,195,3,"[0.0, 64.0, 0.0]",0.0,,ER,1
2149,195,4,"[0.0, 0.0, 64.0]",0.0,,ER,1
2150,195,5,"[64.0, 0.0, 0.0]",0.0,,ER,1
2151,195,6,"[0.0, 64.0, 0.0]",0.0,,ER,1
2152,195,7,"[0.0, 0.0, 0.0]",0.0,0.3333333333333333,ER,1
2153,195,8,"[0.0, 0.0, 64.0]",0.0,,ER,1
2154,195,9,"[64.0, 64.0, 64.0]",0.0,,ER,1
2155,195,10,"[0.5, 0.0, 64.0]",1.0,,ER,1
2156,196,0,"[0.0, 0.0, 0.0]",0.0,0.3333333333333333,ER,1
2157,196,1,"[0.0, 0.0, 0.0]",0.0,0.3333333333333333,ER,1
2158,196,2,"[0.0, 0.0, 0.0]",0.0,0.3333333333333333,ER,1
2159,196,3,"[0.0, 64.0, 0.0]",0.0,,ER,1
2160,196,4,"[0.0, 0.0, 64.0]",0.0,,ER,1
2161,196,5,"[64.0, 0.0, 0.0]",0.0,,ER,1
2162,196,6,"[0.0, 64.0, 0.0]",0.0,,ER,1
2163,196,7,"[0.0, 0.0, 0.0]",0.0,0.3333333333333333,ER,1
2164,196,8,"[0.0, 0.0, 64.0]",0.0,,ER,1
2165,196,9,"[64.0, 64.0, 64.0]",0.0,,ER,1
2166,196,10,"[0.5, 0.0, 64.0]",1.0,,ER,1
2167,197,0,"[0.0, 0.0, 0.0]",0.0,0.3333333333333333,ER,1
2168,197,1,"[0.0, 0.0, 0.0]",0.0,0.3333333333333333,ER,1
2169,197,2,"[0.0, 0.0, 0.0]",0.0,0.3333333333333333,ER,1
2170,197,3,"[0.0, 64.0, 0.0]",0.0,,ER,1
2171,197,4,"[0.0, 0.0, 64.0]",0.0,0.3333333333333333,ER,1
2172,197,5,"[64.0, 0.0, 0.0]",0.0,,ER,1
2173,197,6,"[0.0, 64.0, 0.0]",0.0,,ER,1
2174,197,7,"[0.0, 0.0, 0.0]",0.0,0.3333333333333333,ER,1
2175,197,8,"[0.0, 0.0, 64.0]",0.0,0.3333333333333333,ER,1
2176,197,9,"[64.0, 64.0, 64.0]",0.0,,ER,1
2177,197,10,"[0.5, 0.0, 64.0]",1.0,0.3333333333333333,ER,1
2178,198,0,"[0.0, 0.0, 0.0]",0.0,,ER,1
2179,198,1,"[0.0, 0.0, 0.0]",0.0,,ER,1
2180,198,2,"[0.0, 0.0, 0.0]",0.0,,ER,1
2181,198,3,"[0.0, 64.0, 0.0]",0.0,0.3333333333333333,ER,1
2182,198,4,"[0.0, 0.0, 64.0]",0.0,,ER,1
2183,198,5,"[64.0, 0.0, 0.0]",0.0,,ER,1
2184,198,6,"[0.0, 64.0, 0.0]",0.0,0.3333333333333333,ER,1
2185,198,7,"[0.0, 0.0, 0.0]",0.0,,ER,1
2186,198,8,"[0.0, 0.0, 64.0]",0.0,,ER,1
2187,198,9,"[64.0, 64.0, 64.0]",0.0,,ER,1
2188,198,10,"[0.5, 0.0, 64.0]",1.0,,ER,1
