,time,center,order,type,iter
0,0,0,1.8592527386541775,GM,4
1,0,1,1.6719858156028096,GM,4
2,0,2,6.961078115187682,GM,4
3,0,3,1.4295774647887498,GM,4
4,0,4,0.0,GM,4
5,0,5,9.502087491060399,GM,4
6,0,6,5.32167832167832,GM,4
7,0,7,3.6678894595255755,GM,4
8,0,8,2.3652981720107675,GM,4
9,0,9,0.05400749822672424,GM,4
10,1,0,0.9696454589607129,GM,4
11,1,1,1.3712611779216672,GM,4
12,1,2,9.068726053639779,GM,4
13,1,3,2.3590425531914647,GM,4
14,1,4,0.0,GM,4
15,1,5,3.68203743005979,GM,4
16,1,6,10.959777587468551,GM,4
17,1,7,3.296599951772343,GM,4
18,1,8,0.0,GM,4
19,1,9,7.456941434934372,GM,4
20,2,0,1.960381511371935,GM,4
21,2,1,0.0,GM,4
22,2,2,9.61656711170793,GM,4
23,2,3,0.6299030250398303,GM,4
24,2,4,8.912604326085209,GM,4
25,2,5,0.0,GM,4
26,2,6,0.4097584153434468,GM,4
27,2,7,3.9385190576079907,GM,4
28,2,8,0.0,GM,4
29,2,9,4.685562664286088,GM,4
30,3,0,4.884275446775362,GM,4
31,3,1,3.9286735740110075,GM,4
32,3,2,4.541136724960239,GM,4
33,3,3,3.487462537462534,GM,4
34,3,4,1.4531665517580947,GM,4
35,3,5,0.8609519184070109,GM,4
36,3,6,6.053571428571402,GM,4
37,3,7,4.503202442564103,GM,4
38,3,8,4.699047329482099,GM,4
39,3,9,2.1152057567835527,GM,4
40,4,0,0.9954196217493632,GM,4
41,4,1,0.7404147104851191,GM,4
42,4,2,4.01458541458539,GM,4
43,4,3,1.1931034482758776,GM,4
44,4,4,0.6986255124185732,GM,4
45,4,5,4.509595559991936,GM,4
46,4,6,3.3639455782313235,GM,4
47,4,7,1.5745120120120788,GM,4
48,4,8,1.5623946767875196,GM,4
49,4,9,7.374120600804758,GM,4
50,5,0,4.550359712230222,GM,4
51,5,1,0.06307077625572788,GM,4
52,5,2,6.682696177062425,GM,4
53,5,3,2.0392572944296887,GM,4
54,5,4,3.5592567900411964,GM,4
55,5,5,1.8557244174265577,GM,4
56,5,6,3.4272550194785936,GM,4
57,5,7,0.0,GM,4
58,5,8,0.6082951531227607,GM,4
59,5,9,0.006079027355568201,GM,4
60,6,0,3.0438431863205153,GM,4
61,6,1,0.0,GM,4
62,6,2,13.194139389561919,GM,4
63,6,3,2.6232797768608123,GM,4
64,6,4,0.5826554397983443,GM,4
65,6,5,3.6918279447403677,GM,4
66,6,6,0.0,GM,4
67,6,7,2.697309634809656,GM,4
68,6,8,5.664335664335653,GM,4
69,6,9,3.6810865191147,GM,4
70,7,0,0.36082000367714784,GM,4
71,7,1,4.47682433208054,GM,4
72,7,2,5.34013605442172,GM,4
73,7,3,3.4022235457614016,GM,4
74,7,4,1.4266219891219976,GM,4
75,7,5,3.478723404255362,GM,4
76,7,6,5.062937062937053,GM,4
77,7,7,6.738601971314665,GM,4
78,7,8,6.730623543123599,GM,4
79,7,9,4.915564013451295,GM,4
80,8,0,4.414242292661726,GM,4
81,8,1,2.0662835249042217,GM,4
82,8,2,0.5418145388876354,GM,4
83,8,3,2.2885367762128226,GM,4
84,8,4,5.403312999057661,GM,4
85,8,5,6.7458952686291775,GM,4
86,8,6,4.690584063823508,GM,4
87,8,7,6.776054440793899,GM,4
88,8,8,11.556909456909423,GM,4
89,8,9,5.373013001907935,GM,4
90,9,0,0.0,GM,4
91,9,1,3.172809909099982,GM,4
92,9,2,1.7696192696192696,GM,4
93,9,3,5.479166666666657,GM,4
94,9,4,0.09913880445797929,GM,4
95,9,5,4.764682850006627,GM,4
96,9,6,0.0,GM,4
97,9,7,10.905076578098154,GM,4
98,9,8,2.7369921744921726,GM,4
99,9,9,0.0,GM,4
100,10,0,0.371449240414762,GM,4
101,10,1,9.874781188968015,GM,4
102,10,2,1.8251509054325794,GM,4
103,10,3,0.0,GM,4
104,10,4,2.1573178594455555,GM,4
105,10,5,4.9470616804273675,GM,4
106,10,6,3.0920893719806486,GM,4
107,10,7,11.635825917515994,GM,4
108,10,8,2.622052358113507,GM,4
109,10,9,0.0,GM,4
110,11,0,4.028661479365709,GM,4
111,11,1,2.412217929156803,GM,4
112,11,2,4.742884895580403,GM,4
113,11,3,7.708723900213265,GM,4
114,11,4,5.812255765019103,GM,4
115,11,5,2.947646892948846,GM,4
116,11,6,6.401740102171061,GM,4
117,11,7,0.25563063063061264,GM,4
118,11,8,0.04317042770792057,GM,4
119,11,9,4.8849094567404165,GM,4
120,12,0,1.21360153256704,GM,4
121,12,1,9.336662214667342,GM,4
122,12,2,3.929175837613087,GM,4
123,12,3,12.293625202314033,GM,4
124,12,4,0.0,GM,4
125,12,5,3.1044289044289,GM,4
126,12,6,0.0,GM,4
127,12,7,6.067781690140869,GM,4
128,12,8,5.039926971136282,GM,4
129,12,9,0.6193243376341968,GM,4
130,13,0,0.6061755146262158,GM,4
131,13,1,4.696120689655146,GM,4
132,13,2,0.7225943071013177,GM,4
133,13,3,3.002040221509759,GM,4
134,13,4,2.833504524333648,GM,4
135,13,5,10.705124471851036,GM,4
136,13,6,9.004634851038517,GM,4
137,13,7,6.1329836829837205,GM,4
138,13,8,1.6381573509231586,GM,4
139,13,9,1.4014084507041673,GM,4
140,14,0,2.169652265542652,GM,4
141,14,1,3.0649798734905005,GM,4
142,14,2,0.5201798201798056,GM,4
143,14,3,5.108359631755178,GM,4
144,14,4,2.985915492957716,GM,4
145,14,5,9.34746874746881,GM,4
146,14,6,0.0,GM,4
147,14,7,1.862917224619352,GM,4
148,14,8,1.7403300905501808,GM,4
149,14,9,2.4430676737865014,GM,4
150,15,0,0.1331001651607835,GM,4
151,15,1,8.802106179579305,GM,4
152,15,2,5.244668008048322,GM,4
153,15,3,1.3170289855072639,GM,4
154,15,4,9.76880512225064,GM,4
155,15,5,6.982634581989583,GM,4
156,15,6,1.097902097902164,GM,4
157,15,7,1.9277482269503494,GM,4
158,15,8,4.989488842972264,GM,4
159,15,9,1.896551724137936,GM,4
160,16,0,0.0,GM,4
161,16,1,1.5320613074758072,GM,4
162,16,2,2.4722222222222285,GM,4
163,16,3,1.3218599033816503,GM,4
164,16,4,2.997134809634865,GM,4
165,16,5,5.402111872146094,GM,4
166,16,6,1.583712399119591,GM,4
167,16,7,3.1259005682567036,GM,4
168,16,8,1.716829362744221,GM,4
169,16,9,0.07576561369662471,GM,4
170,17,0,0.6934169278997047,GM,4
171,17,1,4.972569683837307,GM,4
172,17,2,4.18602245862877,GM,4
173,17,3,5.315783654879425,GM,4
174,17,4,0.05663839706392437,GM,4
175,17,5,6.635728263908334,GM,4
176,17,6,5.622331169978736,GM,4
177,17,7,5.042147922999021,GM,4
178,17,8,1.7788075559284309,GM,4
179,17,9,0.0,GM,4
180,18,0,4.17931034482757,GM,4
181,18,1,4.364010976881282,GM,4
182,18,2,0.5021454151968214,GM,4
183,18,3,1.87179487179489,GM,4
184,18,4,2.1343054109011597,GM,4
185,18,5,0.0,GM,4
186,18,6,5.754363091880279,GM,4
187,18,7,3.561890140024069,GM,4
188,18,8,0.0021476375986395624,GM,4
189,18,9,0.32634032634031485,GM,4
190,19,0,1.0859991072757111,GM,4
191,19,1,3.3901611105481777,GM,4
192,19,2,0.19975544142826607,GM,4
193,19,3,3.667212220403684,GM,4
194,19,4,1.1687769643867547,GM,4
195,19,5,4.139682539682539,GM,4
196,19,6,6.265467775656639,GM,4
197,19,7,4.282394366197195,GM,4
198,19,8,5.925606832484334,GM,4
199,19,9,2.3588745442002548,GM,4
200,20,0,1.8061003252192194,GM,4
201,20,1,2.373188405797066,GM,4
202,20,2,0.0,GM,4
203,20,3,7.345778954362501,GM,4
204,20,4,4.5623966305603645,GM,4
205,20,5,11.032364966051986,GM,4
206,20,6,0.41670386351236033,GM,4
207,20,7,3.6916413373860237,GM,4
208,20,8,1.5361693973363657,GM,4
209,20,9,0.4316908175587386,GM,4
210,21,0,3.4779589371981103,GM,4
211,21,1,2.4861111111111143,GM,4
212,21,2,2.6201346489995743,GM,4
213,21,3,4.6383923456517095,GM,4
214,21,4,1.3448275862068897,GM,4
215,21,5,3.493055555555557,GM,4
216,21,6,0.9909878853541443,GM,4
217,21,7,1.5326070783980157,GM,4
218,21,8,5.434476150829454,GM,4
219,21,9,2.0023253613056724,GM,4
220,22,0,0.3717463092462907,GM,4
221,22,1,7.3667257683215155,GM,4
222,22,2,4.675051567137899,GM,4
223,22,3,2.3154651638155457,GM,4
224,22,4,2.933098756744073,GM,4
225,22,5,10.005201112631966,GM,4
226,22,6,5.733978350416692,GM,4
227,22,7,0.850414544001616,GM,4
228,22,8,0.5123140266066457,GM,4
229,22,9,1.3371026136983701,GM,4
230,23,0,9.825106970654929,GM,4
231,23,1,0.0,GM,4
232,23,2,3.0117382617382873,GM,4
233,23,3,3.2630215154938753,GM,4
234,23,4,3.3521126760563114,GM,4
235,23,5,10.9245021283065,GM,4
236,23,6,1.412587412587385,GM,4
237,23,7,5.767605633802788,GM,4
238,23,8,0.8366701791358935,GM,4
239,23,9,0.0,GM,4
240,24,0,13.37276651226729,GM,4
241,24,1,0.9950560577170506,GM,4
242,24,2,3.3388653599920985,GM,4
243,24,3,2.1602440113078814,GM,4
244,24,4,0.8483268492070799,GM,4
245,24,5,9.98368298368311,GM,4
246,24,6,0.7671624150497394,GM,4
247,24,7,5.679018941233579,GM,4
248,24,8,3.4821178268651956,GM,4
249,24,9,0.019813519813503433,GM,4
250,25,0,3.0894708128750707,GM,4
251,25,1,0.41308337053018107,GM,4
252,25,2,1.9449205966447423,GM,4
253,25,3,0.2591352309662227,GM,4
254,25,4,1.1216954022988546,GM,4
255,25,5,4.50514913047698,GM,4
256,25,6,2.549295774647902,GM,4
257,25,7,8.059375767763171,GM,4
258,25,8,1.1697236488138287,GM,4
259,25,9,0.14920011495359375,GM,4
260,26,0,4.062681050844098,GM,4
261,26,1,0.183348316851486,GM,4
262,26,2,0.3568064321950217,GM,4
263,26,3,4.4044482723680005,GM,4
264,26,4,0.0,GM,4
265,26,5,6.850799885046484,GM,4
266,26,6,5.984098093687148,GM,4
267,26,7,2.672839915232217,GM,4
268,26,8,2.4330801860974205,GM,4
269,26,9,0.8096833721834003,GM,4
270,27,0,8.960086204026119,GM,4
271,27,1,0.23348080490940504,GM,4
272,27,2,1.5280788177339701,GM,4
273,27,3,7.080406059100241,GM,4
274,27,4,2.03176311107336,GM,4
275,27,5,4.770848618244074,GM,4
276,27,6,0.4825174825175118,GM,4
277,27,7,0.0,GM,4
278,27,8,0.32852763674685903,GM,4
279,27,9,0.9383989445609942,GM,4
280,28,0,1.6479924421351484,GM,4
281,28,1,1.76527777777779,GM,4
282,28,2,3.5918233539166167,GM,4
283,28,3,2.6258802816901436,GM,4
284,28,4,1.3604533397637226,GM,4
285,28,5,5.943434724227174,GM,4
286,28,6,12.627469373754082,GM,4
287,28,7,0.8652482269503636,GM,4
288,28,8,0.0,GM,4
289,28,9,3.8802664343180595,GM,4
290,29,0,1.9571798064949206,GM,4
291,29,1,3.4137412086980916,GM,4
292,29,2,4.46613724902609,GM,4
293,29,3,0.6859154929577471,GM,4
294,29,4,0.8742250657144268,GM,4
295,29,5,2.3977519626492096,GM,4
296,29,6,0.6478873239436354,GM,4
297,29,7,1.8665967435820576,GM,4
298,29,8,3.294129344132955,GM,4
299,29,9,3.600070667536407,GM,4
300,30,0,3.6882284382284354,GM,4
301,30,1,1.8632309719265976,GM,4
302,30,2,0.4104291035256864,GM,4
303,30,3,2.5147893646864645,GM,4
304,30,4,1.414181641573606,GM,4
305,30,5,0.0,GM,4
306,30,6,2.4349715313154974,GM,4
307,30,7,4.9716535804867235,GM,4
308,30,8,7.596171484094761,GM,4
309,30,9,1.5168512043512123,GM,4
310,31,0,6.915652840310358,GM,4
311,31,1,1.2270970897529878,GM,4
312,31,2,0.09186005912546591,GM,4
313,31,3,2.21293103448275,GM,4
314,31,4,4.153618261291868,GM,4
315,31,5,7.448958417061888,GM,4
316,31,6,4.9831349206349245,GM,4
317,31,7,0.802459609356184,GM,4
318,31,8,1.8530757899705037,GM,4
319,31,9,0.6798095521499974,GM,4
320,32,0,5.4151932873839,GM,4
321,32,1,1.2971228671378299,GM,4
322,32,2,3.3058633416391885,GM,4
323,32,3,6.469211344211388,GM,4
324,32,4,2.830985915492974,GM,4
325,32,5,5.3912707981673265,GM,4
326,32,6,3.2956940222896947,GM,4
327,32,7,3.435794900080573,GM,4
328,32,8,1.8686424100156103,GM,4
329,32,9,2.114114114114173,GM,4
330,33,0,5.152355649214414,GM,4
331,33,1,2.60684798445849,GM,4
332,33,2,3.619976359338068,GM,4
333,33,3,0.4184397163120934,GM,4
334,33,4,6.251748251748253,GM,4
335,33,5,14.602929576459301,GM,4
336,33,6,3.938967136150275,GM,4
337,33,7,2.7388824995208054,GM,4
338,33,8,5.799074523770983,GM,4
339,33,9,2.284681534681553,GM,4
340,34,0,5.918015587529993,GM,4
341,34,1,3.8064319197613017,GM,4
342,34,2,2.84264184397162,GM,4
343,34,3,0.7669581525589422,GM,4
344,34,4,2.804994575896572,GM,4
345,34,5,4.698438547753597,GM,4
346,34,6,5.524503183484484,GM,4
347,34,7,4.489229024943327,GM,4
348,34,8,0.6401980257613751,GM,4
349,34,9,0.0,GM,4
350,35,0,11.40865224202436,GM,4
351,35,1,6.790938228438179,GM,4
352,35,2,2.68745150279036,GM,4
353,35,3,0.9165418040155799,GM,4
354,35,4,5.432624113475157,GM,4
355,35,5,5.9017594787413685,GM,4
356,35,6,2.748051558752991,GM,4
357,35,7,0.9663603029864163,GM,4
358,35,8,2.7211267605633687,GM,4
359,35,9,5.66230870578697,GM,4
360,36,0,4.694148936170237,GM,4
361,36,1,0.016148374263842413,GM,4
362,36,2,3.148979591836742,GM,4
363,36,3,0.0653247600410225,GM,4
364,36,4,1.9541695780782646,GM,4
365,36,5,5.366293652324941,GM,4
366,36,6,3.120003996802552,GM,4
367,36,7,9.142410699828275,GM,4
368,36,8,3.410105270261205,GM,4
369,36,9,12.484406102562545,GM,4
370,37,0,9.08914596118182,GM,4
371,37,1,0.6783139858940501,GM,4
372,37,2,3.658059467918605,GM,4
373,37,3,7.757903992398241,GM,4
374,37,4,7.1294076515832785,GM,4
375,37,5,4.897340754483608,GM,4
376,37,6,3.4042553191489446,GM,4
377,37,7,2.3680555555555642,GM,4
378,37,8,4.2065476190476545,GM,4
379,37,9,4.0571343550066885,GM,4
380,38,0,4.2813839559093765,GM,4
381,38,1,0.8521126760562936,GM,4
382,38,2,10.412204958642093,GM,4
383,38,3,3.2338441700144216,GM,4
384,38,4,3.0824093497153484,GM,4
385,38,5,0.07228609753762782,GM,4
386,38,6,5.961189252795197,GM,4
387,38,7,2.6146691532255346,GM,4
388,38,8,2.8071839080459142,GM,4
389,38,9,3.226190476190453,GM,4
390,39,0,0.6818605518270004,GM,4
391,39,1,2.941427203065196,GM,4
392,39,2,7.500224536197351,GM,4
393,39,3,0.030982905982881448,GM,4
394,39,4,0.006993006993013751,GM,4
395,39,5,6.214808723659718,GM,4
396,39,6,5.755051844707012,GM,4
397,39,7,7.083729263180992,GM,4
398,39,8,4.593637688198228,GM,4
399,39,9,4.235714285714309,GM,4
400,40,0,1.398191734831066,GM,4
401,40,1,2.0548978738330064,GM,4
402,40,2,4.962618203309653,GM,4
403,40,3,2.2361111111111,GM,4
404,40,4,0.7555402344134876,GM,4
405,40,5,0.5447158475327001,GM,4
406,40,6,3.4298688683827123,GM,4
407,40,7,1.9381956072096642,GM,4
408,40,8,9.334723557161638,GM,4
409,40,9,3.891854624248964,GM,4
410,41,0,0.2521020311761788,GM,4
411,41,1,0.9347804972804497,GM,4
412,41,2,2.4305555555555856,GM,4
413,41,3,6.089409868322903,GM,4
414,41,4,4.781690140845058,GM,4
415,41,5,2.2085743344546245,GM,4
416,41,6,0.0,GM,4
417,41,7,2.0894326937431202,GM,4
418,41,8,4.169014084507026,GM,4
419,41,9,2.5130645944633656,GM,4
420,42,0,8.141426295766387,GM,4
421,42,1,3.4748969570742574,GM,4
422,42,2,3.460524249256629,GM,4
423,42,3,2.5527577948666007,GM,4
424,42,4,1.509189891119803,GM,4
425,42,5,1.5363600039956253,GM,4
426,42,6,2.8031615523907476,GM,4
427,42,7,0.713019374991184,GM,4
428,42,8,0.22695035460995427,GM,4
429,42,9,2.451767410671522,GM,4
430,43,0,3.671666264769751,GM,4
431,43,1,5.055848982785555,GM,4
432,43,2,2.379710696612129,GM,4
433,43,3,0.017389881198507595,GM,4
434,43,4,0.0,GM,4
435,43,5,4.5360969061056124,GM,4
436,43,6,2.5357962419498534,GM,4
437,43,7,2.492957746478858,GM,4
438,43,8,2.1203296703296814,GM,4
439,43,9,3.7163120567375287,GM,4
440,44,0,5.763984674329475,GM,4
441,44,1,1.0436375865544036,GM,4
442,44,2,1.7788569599224004,GM,4
443,44,3,3.078186707928083,GM,4
444,44,4,2.1681981156344463,GM,4
445,44,5,0.5877830584287835,GM,4
446,44,6,2.6280141843971876,GM,4
447,44,7,3.0422535211267956,GM,4
448,44,8,0.6365788314807617,GM,4
449,44,9,1.1914893617021605,GM,4
450,45,0,4.649808429118824,GM,4
451,45,1,0.6453900709219269,GM,4
452,45,2,2.251498501498517,GM,4
453,45,3,1.9896551724137765,GM,4
454,45,4,1.7269592768614501,GM,4
455,45,5,2.1593543442858163,GM,4
456,45,6,2.472535211267669,GM,4
457,45,7,1.1185547785547953,GM,4
458,45,8,2.2823439878234417,GM,4
459,45,9,4.64403183023871,GM,4
460,46,0,4.98904538341165,GM,4
461,46,1,3.99765223771098,GM,4
462,46,2,0.17422139993834662,GM,4
463,46,3,6.297986423455015,GM,4
464,46,4,2.88073527283251,GM,4
465,46,5,3.1687330986274844,GM,4
466,46,6,6.161244292237427,GM,4
467,46,7,2.422502155378858,GM,4
468,46,8,11.296943145347388,GM,4
469,46,9,5.218037135278571,GM,4
470,47,0,2.666613987595575,GM,4
471,47,1,1.6374939290917467,GM,4
472,47,2,2.2857565011820213,GM,4
473,47,3,1.7449731437769742,GM,4
474,47,4,6.7232390727291005,GM,4
475,47,5,0.0,GM,4
476,47,6,4.221818851908566,GM,4
477,47,7,9.933156597546898,GM,4
478,47,8,2.9882586088025533,GM,4
479,47,9,6.390898956116338,GM,4
480,48,0,2.4472052769924915,GM,4
481,48,1,4.75352112676056,GM,4
482,48,2,2.1565128635735107,GM,4
483,48,3,2.7523974057748095,GM,4
484,48,4,0.9201750630321612,GM,4
485,48,5,0.9979373144840764,GM,4
486,48,6,0.0825643516269956,GM,4
487,48,7,8.84871230687338,GM,4
488,48,8,1.5699793164582019,GM,4
489,48,9,1.9650349650350307,GM,4
490,49,0,1.7113803464408068,GM,4
491,49,1,1.4078196347032375,GM,4
492,49,2,0.6791208791208874,GM,4
493,49,3,0.9297717338513554,GM,4
494,49,4,3.2265442890442984,GM,4
495,49,5,1.5797072686677893,GM,4
496,49,6,3.1616425648677904,GM,4
497,49,7,1.7667684428247838,GM,4
498,49,8,2.7632104684846723,GM,4
499,49,9,1.5128871128870784,GM,4
500,50,0,3.5807539682539726,GM,4
501,50,1,3.2328767123288102,GM,4
502,50,2,4.9239531146610815,GM,4
503,50,3,3.684770493464356,GM,4
504,50,4,0.42629548347636614,GM,4
505,50,5,0.048823879938964865,GM,4
506,50,6,0.0,GM,4
507,50,7,2.1506224272181527,GM,4
508,50,8,2.731083394472929,GM,4
509,50,9,0.02271487377866066,GM,4
510,51,0,5.162531671107395,GM,4
511,51,1,5.459265076215054,GM,4
512,51,2,2.120696400625974,GM,4
513,51,3,3.489991367952399,GM,4
514,51,4,5.486018589011593,GM,4
515,51,5,5.665468334482412,GM,4
516,51,6,0.0,GM,4
517,51,7,3.1396072796935073,GM,4
518,51,8,1.4416371158392423,GM,4
519,51,9,0.5858831121214862,GM,4
520,52,0,2.7410993740218927,GM,4
521,52,1,0.0,GM,4
522,52,2,2.071766049848904,GM,4
523,52,3,3.800297692880214,GM,4
524,52,4,3.4051199086409625,GM,4
525,52,5,2.467317404817379,GM,4
526,52,6,0.621428571428595,GM,4
527,52,7,4.8891625615763274,GM,4
528,52,8,1.7303972296668277,GM,4
529,52,9,2.9824961948250035,GM,4
530,53,0,0.7201554152501206,GM,4
531,53,1,1.6046258967352216,GM,4
532,53,2,4.723538230884529,GM,4
533,53,3,1.8167494173674967,GM,4
534,53,4,2.051328568632666,GM,4
535,53,5,2.0815613026820046,GM,4
536,53,6,5.22520643958309,GM,4
537,53,7,2.405594405594414,GM,4
538,53,8,1.344609227588009,GM,4
539,53,9,2.8100266362253308,GM,4
540,54,0,2.123824265363986,GM,4
541,54,1,2.3140325670498427,GM,4
542,54,2,3.3555566732071966,GM,4
543,54,3,9.929577464788743,GM,4
544,54,4,0.23467702768330412,GM,4
545,54,5,3.157414998794337,GM,4
546,54,6,4.7663223058880675,GM,4
547,54,7,1.018738384060761,GM,4
548,54,8,0.364948019440515,GM,4
549,54,9,2.2900413711583454,GM,4
550,55,0,0.26659815005137943,GM,4
551,55,1,1.728531819149545,GM,4
552,55,2,1.115638659543464,GM,4
553,55,3,0.10135135135131179,GM,4
554,55,4,3.65948617440349,GM,4
555,55,5,2.110766630629641,GM,4
556,55,6,4.734741784037553,GM,4
557,55,7,5.89880952380954,GM,4
558,55,8,2.202464959777135,GM,4
559,55,9,1.6891996891997039,GM,4
560,56,0,1.6309367491021565,GM,4
561,56,1,0.03461817001299039,GM,4
562,56,2,1.2615900383142105,GM,4
563,56,3,0.5386737306474743,GM,4
564,56,4,3.3912198912199045,GM,4
565,56,5,7.757319917723675,GM,4
566,56,6,0.9724299821920113,GM,4
567,56,7,0.6372199229342073,GM,4
568,56,8,1.9557486764559222,GM,4
569,56,9,3.0728878136339333,GM,4
570,57,0,0.0,GM,4
571,57,1,4.415689943858979,GM,4
572,57,2,0.7385091926458642,GM,4
573,57,3,0.8367337025162982,GM,4
574,57,4,5.844361130813699,GM,4
575,57,5,5.485474197560768,GM,4
576,57,6,0.0,GM,4
577,57,7,2.708679576295765,GM,4
578,57,8,2.9943149996758045,GM,4
579,57,9,3.352923672072606,GM,4
580,58,0,3.879116075764955,GM,4
581,58,1,3.760871825956535,GM,4
582,58,2,0.0,GM,4
583,58,3,4.607600525951639,GM,4
584,58,4,3.4530181086518894,GM,4
585,58,5,4.931211645497413,GM,4
586,58,6,0.9674295774648201,GM,4
587,58,7,8.454092814793434,GM,4
588,58,8,0.5524648215450512,GM,4
589,58,9,0.07642322442340088,GM,4
590,59,0,8.784237338927204,GM,4
591,59,1,3.5141330743079635,GM,4
592,59,2,0.09389233954450305,GM,4
593,59,3,3.1766108891109184,GM,4
594,59,4,3.7495073891625452,GM,4
595,59,5,1.2842087744121153,GM,4
596,59,6,6.059896811542075,GM,4
597,59,7,5.103582615245692,GM,4
598,59,8,0.9921771408088063,GM,4
599,59,9,0.850980341086256,GM,4
600,60,0,2.4900076132470375,GM,4
601,60,1,1.0511541471048673,GM,4
602,60,2,0.7132653061224019,GM,4
603,60,3,9.827752626872432,GM,4
604,60,4,6.243963782696142,GM,4
605,60,5,0.5685284118504175,GM,4
606,60,6,3.4782027524833445,GM,4
607,60,7,2.3839259332217253,GM,4
608,60,8,1.2242907801418426,GM,4
609,60,9,9.599516718913222,GM,4
610,61,0,0.0,GM,4
611,61,1,1.8899251918779711,GM,4
612,61,2,0.9649491002074839,GM,4
613,61,3,1.2476190476191107,GM,4
614,61,4,3.296642870924245,GM,4
615,61,5,5.411747078213988,GM,4
616,61,6,2.3503398010440293,GM,4
617,61,7,0.0,GM,4
618,61,8,3.36663405088062,GM,4
619,61,9,2.4124612547409967,GM,4
620,62,0,3.986206896551707,GM,4
621,62,1,0.6894311362396408,GM,4
622,62,2,1.1245568649994837,GM,4
623,62,3,0.13816183816183525,GM,4
624,62,4,2.092472073822293,GM,4
625,62,5,1.1741979655711532,GM,4
626,62,6,5.023284810078643,GM,4
627,62,7,0.4281218781219138,GM,4
628,62,8,2.9235284044693834,GM,4
629,62,9,1.6313196302154012,GM,4
630,63,0,2.5402777777778027,GM,4
631,63,1,0.9227948829272066,GM,4
632,63,2,2.8695226917058037,GM,4
633,63,3,0.31169169795578,GM,4
634,63,4,6.665711510441966,GM,4
635,63,5,1.0231388329980007,GM,4
636,63,6,7.469984276004677,GM,4
637,63,7,2.4308400348338637,GM,4
638,63,8,1.5099553224553404,GM,4
639,63,9,1.4866220735785873,GM,4
640,64,0,2.010861478946566,GM,4
641,64,1,4.5793312352703595,GM,4
642,64,2,3.7464788732394254,GM,4
643,64,3,0.0,GM,4
644,64,4,0.7985150816859843,GM,4
645,64,5,0.24633317144241573,GM,4
646,64,6,2.639537767197325,GM,4
647,64,7,1.9718988163136686,GM,4
648,64,8,1.0937545213407418,GM,4
649,64,9,2.543248697611098,GM,4
650,65,0,0.15335368856496245,GM,4
651,65,1,10.774897377585035,GM,4
652,65,2,3.8926961926961496,GM,4
653,65,3,0.39597890391179646,GM,4
654,65,4,3.1766965428937297,GM,4
655,65,5,5.193103448275892,GM,4
656,65,6,2.92582742316786,GM,4
657,65,7,5.135661482461579,GM,4
658,65,8,1.9509487329213897,GM,4
659,65,9,1.1896342081264208,GM,4
660,66,0,4.327942890442898,GM,4
661,66,1,3.294520547945197,GM,4
662,66,2,1.7491056767534516,GM,4
663,66,3,1.7014084507042213,GM,4
664,66,4,3.4209963607815688,GM,4
665,66,5,9.997880492377888,GM,4
666,66,6,5.854511100614047,GM,4
667,66,7,4.330985915492953,GM,4
668,66,8,1.463526585439233,GM,4
669,66,9,1.1896483797892614,GM,4
670,67,0,1.811370298615543,GM,4
671,67,1,9.883247338115282,GM,4
672,67,2,6.049447862147332,GM,4
673,67,3,2.259911219960202,GM,4
674,67,4,1.2588321743494149,GM,4
675,67,5,0.0,GM,4
676,67,6,3.9460676309991385,GM,4
677,67,7,3.540289355178679,GM,4
678,67,8,3.091993538036686,GM,4
679,67,9,4.845694716242633,GM,4
680,68,0,0.0,GM,4
681,68,1,0.8993298368297786,GM,4
682,68,2,8.083834678405452,GM,4
683,68,3,3.447092326139085,GM,4
684,68,4,3.083954017052605,GM,4
685,68,5,4.937500000000014,GM,4
686,68,6,0.11513409961688126,GM,4
687,68,7,0.0,GM,4
688,68,8,3.1190068493150562,GM,4
689,68,9,0.526583006035068,GM,4
690,69,0,0.0,GM,4
691,69,1,1.6131755069424045,GM,4
692,69,2,6.682701069639698,GM,4
693,69,3,2.7090721040188868,GM,4
694,69,4,0.0,GM,4
695,69,5,4.002981417682761,GM,4
696,69,6,0.7641457450417732,GM,4
697,69,7,2.9452214452214704,GM,4
698,69,8,1.2625709870074076,GM,4
699,69,9,3.3549307835021835,GM,4
700,70,0,4.52455272173578,GM,4
701,70,1,3.337922677857918,GM,4
702,70,2,9.370253651348847,GM,4
703,70,3,2.770094562647742,GM,4
704,70,4,3.0441233608547975,GM,4
705,70,5,0.9203683640303311,GM,4
706,70,6,5.761946386946406,GM,4
707,70,7,8.550342081906479,GM,4
708,70,8,5.368887399251555,GM,4
709,70,9,0.8293897882938879,GM,4
710,71,0,2.9253716744913305,GM,4
711,71,1,4.235852286622617,GM,4
712,71,2,2.7343253968253833,GM,4
713,71,3,4.313364941005801,GM,4
714,71,4,1.9233333333333178,GM,4
715,71,5,1.8127772353945844,GM,4
716,71,6,0.0,GM,4
717,71,7,5.675431034482763,GM,4
718,71,8,2.9574712643677827,GM,4
719,71,9,2.303588655218981,GM,4
720,72,0,3.1034943473792467,GM,4
721,72,1,1.5495456924028232,GM,4
722,72,2,2.21515808135527,GM,4
723,72,3,2.779768842268858,GM,4
724,72,4,7.972694266467123,GM,4
725,72,5,0.8357642357641879,GM,4
726,72,6,4.50791047655801,GM,4
727,72,7,3.676455898511634,GM,4
728,72,8,0.6775281456132625,GM,4
729,72,9,7.9107313279241325,GM,4
730,73,0,0.31146881287725137,GM,4
731,73,1,2.3691323676376115,GM,4
732,73,2,7.349616648120048,GM,4
733,73,3,1.1945812807881424,GM,4
734,73,4,0.9849724743341355,GM,4
735,73,5,0.9428431646631594,GM,4
736,73,6,4.5409090909090715,GM,4
737,73,7,0.0,GM,4
738,73,8,7.253434495864106,GM,4
739,73,9,3.6170212765957928,GM,4
740,74,0,0.211316852161886,GM,4
741,74,1,2.9942267587286864,GM,4
742,74,2,2.62676056338033,GM,4
743,74,3,8.359152135032375,GM,4
744,74,4,1.3939125295508674,GM,4
745,74,5,3.237333529354812,GM,4
746,74,6,5.143573667711646,GM,4
747,74,7,0.9737638248276497,GM,4
748,74,8,0.03237480438183482,GM,4
749,74,9,0.3605820822793575,GM,4
750,75,0,1.809295499021541,GM,4
751,75,1,4.844357136599903,GM,4
752,75,2,9.81455916349158,GM,4
753,75,3,3.640649452269159,GM,4
754,75,4,1.8653348663408948,GM,4
755,75,5,9.023669234112761,GM,4
756,75,6,2.225436434069479,GM,4
757,75,7,0.5718725718725679,GM,4
758,75,8,1.3628508640495625,GM,4
759,75,9,1.328767123287676,GM,4
760,76,0,4.4391171993911875,GM,4
761,76,1,0.5084291187739609,GM,4
762,76,2,3.2605633802816882,GM,4
763,76,3,4.9299211426871,GM,4
764,76,4,0.4039432789433022,GM,4
765,76,5,7.157389532389487,GM,4
766,76,6,1.54417848699768,GM,4
767,76,7,2.5304213210295856,GM,4
768,76,8,0.3764488409272744,GM,4
769,76,9,0.6144965028264764,GM,4
770,77,0,6.874796492331363,GM,4
771,77,1,0.05302759656205325,GM,4
772,77,2,0.7961612855229845,GM,4
773,77,3,0.0,GM,4
774,77,4,4.8654448999276525,GM,4
775,77,5,3.309010293296261,GM,4
776,77,6,4.733232045732066,GM,4
777,77,7,1.289524754022068,GM,4
778,77,8,0.2655790860269214,GM,4
779,77,9,3.819120200655995,GM,4
780,78,0,1.364087301587297,GM,4
781,78,1,0.6936507936507965,GM,4
782,78,2,4.277139208173672,GM,4
783,78,3,1.8500602845430336,GM,4
784,78,4,4.178604680759857,GM,4
785,78,5,0.5285714285713965,GM,4
786,78,6,1.2444668008048438,GM,4
787,78,7,6.27569087796531,GM,4
788,78,8,0.9495420072885032,GM,4
789,78,9,1.8228602383531651,GM,4
790,79,0,3.453098625512453,GM,4
791,79,1,1.964087301587334,GM,4
792,79,2,5.386449732880067,GM,4
793,79,3,0.570652805184082,GM,4
794,79,4,0.24704491725773892,GM,4
795,79,5,0.034037558685430014,GM,4
796,79,6,7.389025427734197,GM,4
797,79,7,1.256107784186078,GM,4
798,79,8,0.9644254428449379,GM,4
799,79,9,4.269764957264975,GM,4
800,80,0,3.1193310657596385,GM,4
801,80,1,3.2068486590037963,GM,4
802,80,2,5.5360484585836645,GM,4
803,80,3,0.36816704422338375,GM,4
804,80,4,0.7696857087341442,GM,4
805,80,5,8.280074854722649,GM,4
806,80,6,1.620109546165864,GM,4
807,80,7,4.199160515269973,GM,4
808,80,8,5.815602836879421,GM,4
809,80,9,0.0,GM,4
810,81,0,2.4696543835794103,GM,4
811,81,1,1.3096306186199413,GM,4
812,81,2,3.465277777777793,GM,4
813,81,3,0.6722694403971774,GM,4
814,81,4,0.8262432012431944,GM,4
815,81,5,12.911431805701561,GM,4
816,81,6,3.6136904761905058,GM,4
817,81,7,6.34877567398312,GM,4
818,81,8,7.31120955945692,GM,4
819,81,9,0.8866956246053235,GM,4
820,82,0,3.5860719874804374,GM,4
821,82,1,1.455518018018033,GM,4
822,82,2,1.5625,GM,4
823,82,3,4.974859148381309,GM,4
824,82,4,1.7176616623660976,GM,4
825,82,5,0.9347082494969916,GM,4
826,82,6,3.6137820512820156,GM,4
827,82,7,0.14837299660029402,GM,4
828,82,8,0.0,GM,4
829,82,9,1.004445110378576,GM,4
830,83,0,2.095710796053268,GM,4
831,83,1,2.3782276995305054,GM,4
832,83,2,0.8106884057970944,GM,4
833,83,3,2.6210748792270806,GM,4
834,83,4,6.064285870623902,GM,4
835,83,5,1.1982897384305904,GM,4
836,83,6,0.708372565038168,GM,4
837,83,7,3.9927220358799573,GM,4
838,83,8,0.8510638297872397,GM,4
839,83,9,5.218191530691513,GM,4
840,84,0,1.2580696199215922,GM,4
841,84,1,3.0681737588652283,GM,4
842,84,2,4.2467886723205766,GM,4
843,84,3,4.518579898066626,GM,4
844,84,4,1.0597377367653955,GM,4
845,84,5,0.6887715179968481,GM,4
846,84,6,1.9931034482758534,GM,4
847,84,7,1.8156746031745996,GM,4
848,84,8,1.7295020305250475,GM,4
849,84,9,9.012250840061682,GM,4
850,85,0,3.81609879482221,GM,4
851,85,1,0.5201989204648356,GM,4
852,85,2,3.2775034369334293,GM,4
853,85,3,4.306605148130146,GM,4
854,85,4,0.16231527093596654,GM,4
855,85,5,1.6236087855806147,GM,4
856,85,6,3.9323114278727367,GM,4
857,85,7,3.9905129353405258,GM,4
858,85,8,1.6784572342126296,GM,4
859,85,9,2.3788227878508934,GM,4
860,86,0,4.017871017870988,GM,4
861,86,1,0.35887815070096707,GM,4
862,86,2,0.7456861842767992,GM,4
863,86,3,1.493746120151009,GM,4
864,86,4,0.2498003770065793,GM,4
865,86,5,2.1225455472680324,GM,4
866,86,6,8.195926798370145,GM,4
867,86,7,1.5555555555555571,GM,4
868,86,8,4.029717217648258,GM,4
869,86,9,1.0539934946849385,GM,4
870,87,0,4.604851330203445,GM,4
871,87,1,5.7898895131439545,GM,4
872,87,2,2.4474539544962326,GM,4
873,87,3,5.115161434310366,GM,4
874,87,4,4.016529733959338,GM,4
875,87,5,4.153498983286198,GM,4
876,87,6,8.255801611424676,GM,4
877,87,7,0.22612375803866058,GM,4
878,87,8,3.695455640924294,GM,4
879,87,9,2.5574292375123875,GM,4
880,88,0,3.1340451403172267,GM,4
881,88,1,3.2381358078541496,GM,4
882,88,2,1.8306990881458916,GM,4
883,88,3,0.0,GM,4
884,88,4,4.686680268143419,GM,4
885,88,5,0.21192696192695593,GM,4
886,88,6,6.087038172719705,GM,4
887,88,7,1.6985091909104213,GM,4
888,88,8,5.105951818611231,GM,4
889,88,9,4.1857980996723185,GM,4
890,89,0,1.8804073583478527,GM,4
891,89,1,0.523342854328753,GM,4
892,89,2,4.461356628982529,GM,4
893,89,3,0.0,GM,4
894,89,4,2.912825059101678,GM,4
895,89,5,3.59428794992178,GM,4
896,89,6,0.0,GM,4
897,89,7,8.185157501026552,GM,4
898,89,8,3.6600841365310686,GM,4
899,89,9,3.714788732394368,GM,4
900,90,0,6.281224033237539,GM,4
901,90,1,0.0,GM,4
902,90,2,0.7419448196025584,GM,4
903,90,3,0.07577422577421267,GM,4
904,90,4,1.9983974358974592,GM,4
905,90,5,3.7251564945226896,GM,4
906,90,6,1.0264769713045396,GM,4
907,90,7,0.0,GM,4
908,90,8,3.4139239086422464,GM,4
909,90,9,2.366197183098592,GM,4
910,91,0,2.7062043795620596,GM,4
911,91,1,6.098282422715606,GM,4
912,91,2,2.289041095890397,GM,4
913,91,3,0.963627775153526,GM,4
914,91,4,0.0,GM,4
915,91,5,5.352784853328011,GM,4
916,91,6,4.58068684189373,GM,4
917,91,7,2.5310283687943453,GM,4
918,91,8,1.8301056338028197,GM,4
919,91,9,0.0374873353596854,GM,4
920,92,0,0.3757847991424619,GM,4
921,92,1,3.091686091686107,GM,4
922,92,2,0.8320169039593708,GM,4
923,92,3,6.093561610802993,GM,4
924,92,4,2.0232819760332887,GM,4
925,92,5,0.6637520645098505,GM,4
926,92,6,1.6861583292860836,GM,4
927,92,7,2.094546343849352,GM,4
928,92,8,2.504290036204914,GM,4
929,92,9,0.7472779942063781,GM,4
930,93,0,0.0,GM,4
931,93,1,2.5862884160756465,GM,4
932,93,2,3.26928457234213,GM,4
933,93,3,4.386946386946391,GM,4
934,93,4,0.0,GM,4
935,93,5,4.43457197083211,GM,4
936,93,6,2.3549595445010425,GM,4
937,93,7,4.416071428571421,GM,4
938,93,8,7.216593521421089,GM,4
939,93,9,3.6170032059458634,GM,4
940,94,0,2.2514527725795546,GM,4
941,94,1,1.4397163120567456,GM,4
942,94,2,1.9485582910240637,GM,4
943,94,3,0.0,GM,4
944,94,4,3.7552447552447425,GM,4
945,94,5,0.8908693540553827,GM,4
946,94,6,0.30449023779554096,GM,4
947,94,7,8.111622004296606,GM,4
948,94,8,4.847779707268675,GM,4
949,94,9,7.180248155600289,GM,4
950,95,0,1.1323397280232967,GM,4
951,95,1,3.1483003179261146,GM,4
952,95,2,5.545750024623274,GM,4
953,95,3,1.9483516483516183,GM,4
954,95,4,5.130289549092712,GM,4
955,95,5,2.1969696969696884,GM,4
956,95,6,4.8839815714208825,GM,4
957,95,7,9.453959881788919,GM,4
958,95,8,3.0179749827636897,GM,4
959,95,9,1.7145178764897295,GM,4
960,96,0,5.391912795531084,GM,4
961,96,1,5.124313255419018,GM,4
962,96,2,0.0,GM,4
963,96,3,1.5054171180931633,GM,4
964,96,4,8.51610548723858,GM,4
965,96,5,3.8780488312900143,GM,4
966,96,6,1.8815188427864484,GM,4
967,96,7,9.274825656552721,GM,4
968,96,8,2.2588318156662837,GM,4
969,96,9,1.9858605081416414,GM,4
970,97,0,5.117581350169964,GM,4
971,97,1,0.5427565392353912,GM,4
972,97,2,4.389868912641404,GM,4
973,97,3,0.4755244755244803,GM,4
974,97,4,1.3969411883081264,GM,4
975,97,5,4.064157366793381,GM,4
976,97,6,2.091629399183333,GM,4
977,97,7,1.9887519561815452,GM,4
978,97,8,2.6338028169014223,GM,4
979,97,9,0.8211411832309423,GM,4
980,98,0,0.2443853427896272,GM,4
981,98,1,0.5569908814589297,GM,4
982,98,2,4.742083707921289,GM,4
983,98,3,2.5539582321515297,GM,4
984,98,4,4.189664200533727,GM,4
985,98,5,8.21711726519991,GM,4
986,98,6,6.662462006079014,GM,4
987,98,7,0.0,GM,4
988,98,8,2.873580320388818,GM,4
989,98,9,0.9819449296206599,GM,4
990,99,0,0.656995486782705,GM,4
991,99,1,0.0,GM,4
992,99,2,6.716353677621292,GM,4
993,99,3,0.608077006097929,GM,4
994,99,4,0.8859674329501814,GM,4
995,99,5,3.231545998702167,GM,4
996,99,6,4.071069739952748,GM,4
997,99,7,6.682547006175028,GM,4
998,99,8,4.108539347975974,GM,4
999,99,9,0.8329448329448397,GM,4
1000,100,0,5.877622377622394,GM,4
1001,100,1,0.866829636492163,GM,4
1002,100,2,0.0,GM,4
1003,100,3,0.3051948051948443,GM,4
1004,100,4,1.116213151927429,GM,4
1005,100,5,2.358022259430683,GM,4
1006,100,6,3.637352126856271,GM,4
1007,100,7,0.0,GM,4
1008,100,8,4.526588189923295,GM,4
1009,100,9,1.6083916083916279,GM,4
1010,101,0,0.40251946634924707,GM,4
1011,101,1,0.0,GM,4
1012,101,2,9.359633569739948,GM,4
1013,101,3,0.7957624669290055,GM,4
1014,101,4,1.640590465253588,GM,4
1015,101,5,4.892687698703853,GM,4
1016,101,6,6.281948084685261,GM,4
1017,101,7,1.4202056159802794,GM,4
1018,101,8,1.5888111888112206,GM,4
1019,101,9,5.449240414757632,GM,4
1020,102,0,1.3285181172505336,GM,4
1021,102,1,0.0,GM,4
1022,102,2,3.6545848517679502,GM,4
1023,102,3,4.162648303614798,GM,4
1024,102,4,0.7103186494855862,GM,4
1025,102,5,0.8608062166100083,GM,4
1026,102,6,1.3637328189052198,GM,4
1027,102,7,0.644182206682224,GM,4
1028,102,8,0.8682817182817004,GM,4
1029,102,9,3.7272727272727337,GM,4
1030,103,0,1.9456761121714834,GM,4
1031,103,1,2.1259349198639867,GM,4
1032,103,2,3.893336439888145,GM,4
1033,103,3,5.053296843045011,GM,4
1034,103,4,5.0715962441314275,GM,4
1035,103,5,1.8193660442900352,GM,4
1036,103,6,3.44405320813771,GM,4
1037,103,7,2.55711510441963,GM,4
1038,103,8,3.2739214711257354,GM,4
1039,103,9,0.0,GM,4
1040,104,0,0.6258503401360542,GM,4
1041,104,1,0.8051991729960264,GM,4
1042,104,2,1.2696911196911103,GM,4
1043,104,3,1.0170454545454533,GM,4
1044,104,4,0.2017241379310022,GM,4
1045,104,5,1.58865248226952,GM,4
1046,104,6,0.051915708812266814,GM,4
1047,104,7,2.7287084294688455,GM,4
1048,104,8,1.8421361502347402,GM,4
1049,104,9,0.0,GM,4
1050,105,0,0.0,GM,4
1051,105,1,4.211704949489246,GM,4
1052,105,2,0.4755556816006319,GM,4
1053,105,3,6.6638692211593415,GM,4
1054,105,4,0.4004941484657003,GM,4
1055,105,5,3.3243243243243157,GM,4
1056,105,6,0.8052592408832027,GM,4
1057,105,7,1.2775876605663825,GM,4
1058,105,8,0.0,GM,4
1059,105,9,5.589022448869457,GM,4
1060,106,0,1.4486058486350082,GM,4
1061,106,1,0.7305358611022328,GM,4
1062,106,2,1.14292556758312,GM,4
1063,106,3,1.8675294054604308,GM,4
1064,106,4,1.673611111111125,GM,4
1065,106,5,6.542935864074707,GM,4
1066,106,6,2.894474769868406,GM,4
1067,106,7,5.4722957647740245,GM,4
1068,106,8,3.202583586626158,GM,4
1069,106,9,2.4233847872834673,GM,4
1070,107,0,0.0,GM,4
1071,107,1,2.9862068965516926,GM,4
1072,107,2,5.855338579617218,GM,4
1073,107,3,3.0503831417624383,GM,4
1074,107,4,4.419144595173016,GM,4
1075,107,5,5.825825875302286,GM,4
1076,107,6,1.1582733812949861,GM,4
1077,107,7,3.9824896062607067,GM,4
1078,107,8,4.918231768231763,GM,4
1079,107,9,4.620338660578398,GM,4
1080,108,0,1.7394366197182904,GM,4
1081,108,1,0.2902777777777672,GM,4
1082,108,2,3.6429219013507677,GM,4
1083,108,3,2.4000000000000057,GM,4
1084,108,4,1.753424657534243,GM,4
1085,108,5,7.666487718903426,GM,4
1086,108,6,7.124252363496041,GM,4
1087,108,7,5.6421353583272165,GM,4
1088,108,8,0.0,GM,4
1089,108,9,2.044150787520053,GM,4
1090,109,0,4.165517241379305,GM,4
1091,109,1,4.015981735159826,GM,4
1092,109,2,0.8904063376319442,GM,4
1093,109,3,3.3569923371647548,GM,4
1094,109,4,7.432195976162397,GM,4
1095,109,5,0.5231437213580019,GM,4
1096,109,6,1.9937069223853463,GM,4
1097,109,7,3.5045575114540597,GM,4
1098,109,8,0.741258741258747,GM,4
1099,109,9,0.6955665024630733,GM,4
1100,110,0,4.341601381337654,GM,4
1101,110,1,4.786618737653434,GM,4
1102,110,2,2.8672730829420914,GM,4
1103,110,3,0.0,GM,4
1104,110,4,0.38194444444442865,GM,4
1105,110,5,1.3574961948249857,GM,4
1106,110,6,0.5821917808219297,GM,4
1107,110,7,3.447797112180666,GM,4
1108,110,8,3.117832167832148,GM,4
1109,110,9,2.477691766361744,GM,4
1110,111,0,4.18411726621197,GM,4
1111,111,1,2.854155457732112,GM,4
1112,111,2,3.519246031746036,GM,4
1113,111,3,12.016105446852777,GM,4
1114,111,4,5.76696580029785,GM,4
1115,111,5,3.567103434584112,GM,4
1116,111,6,5.174394934140647,GM,4
1117,111,7,0.619503783887339,GM,4
1118,111,8,2.353596403596441,GM,4
1119,111,9,3.8414210842579806,GM,4
1120,112,0,4.036439611404198,GM,4
1121,112,1,4.202962412808759,GM,4
1122,112,2,4.148948485433117,GM,4
1123,112,3,5.930445795339416,GM,4
1124,112,4,4.569327224499666,GM,4
1125,112,5,1.223581973581986,GM,4
1126,112,6,0.9727977400849781,GM,4
1127,112,7,1.5235850480454758,GM,4
1128,112,8,0.0,GM,4
1129,112,9,0.0,GM,4
1130,113,0,1.148989898989882,GM,4
1131,113,1,0.8150118203309944,GM,4
1132,113,2,0.0,GM,4
1133,113,3,2.7081445703843485,GM,4
1134,113,4,2.013282338111132,GM,4
1135,113,5,1.0950847713437923,GM,4
1136,113,6,7.823957765791565,GM,4
1137,113,7,2.405294705294729,GM,4
1138,113,8,2.024536711236223,GM,4
1139,113,9,0.0,GM,4
1140,114,0,5.133141762452141,GM,4
1141,114,1,3.2127659574468126,GM,4
1142,114,2,6.086008886828424,GM,4
1143,114,3,5.76645342487126,GM,4
1144,114,4,0.0,GM,4
1145,114,5,2.6324966419704268,GM,4
1146,114,6,3.334054434773847,GM,4
1147,114,7,0.7353741496598403,GM,4
1148,114,8,2.1749891445940293,GM,4
1149,114,9,4.607936507936536,GM,4
1150,115,0,0.0,GM,4
1151,115,1,3.5231860338243592,GM,4
1152,115,2,0.0,GM,4
1153,115,3,0.29727310016454744,GM,4
1154,115,4,0.0,GM,4
1155,115,5,2.51778577138289,GM,4
1156,115,6,0.08763369427356338,GM,4
1157,115,7,2.428904428904424,GM,4
1158,115,8,4.844088669950764,GM,4
1159,115,9,4.774550078247287,GM,4
1160,116,0,6.287424301305105,GM,4
1161,116,1,4.028454304316348,GM,4
1162,116,2,0.24175919950499747,GM,4
1163,116,3,2.9912949921752485,GM,4
1164,116,4,0.0,GM,4
1165,116,5,1.8116938616938398,GM,4
1166,116,6,6.31801189688035,GM,4
1167,116,7,1.8611111111111143,GM,4
1168,116,8,4.132217861884861,GM,4
1169,116,9,9.035415452977318,GM,4
1170,117,0,0.9045508274231757,GM,4
1171,117,1,5.711710824386898,GM,4
1172,117,2,3.691680733060103,GM,4
1173,117,3,4.304893885374113,GM,4
1174,117,4,5.812414934059216,GM,4
1175,117,5,0.48975672215108546,GM,4
1176,117,6,1.595744680851091,GM,4
1177,117,7,1.7466373196380545,GM,4
1178,117,8,0.8904602345520729,GM,4
1179,117,9,0.0,GM,4
1180,118,0,2.5154267805414463,GM,4
1181,118,1,4.503448275862077,GM,4
1182,118,2,4.31468531468532,GM,4
1183,118,3,3.209604851330214,GM,4
1184,118,4,3.918880687613356,GM,4
1185,118,5,2.8824334898278465,GM,4
1186,118,6,2.124336656251529,GM,4
1187,118,7,8.122397084392787,GM,4
1188,118,8,6.3418594902749845,GM,4
1189,118,9,0.0,GM,4
1190,119,0,12.300494106832133,GM,4
1191,119,1,11.156374932353735,GM,4
1192,119,2,7.61517418091978,GM,4
1193,119,3,4.107547624788992,GM,4
1194,119,4,1.615483806973156,GM,4
1195,119,5,1.4096301954073525,GM,4
1196,119,6,0.0,GM,4
1197,119,7,3.807065217391319,GM,4
1198,119,8,0.25111274150159346,GM,4
1199,119,9,0.7048075787962205,GM,4
1200,120,0,8.03041900628109,GM,4
1201,120,1,0.0,GM,4
1202,120,2,0.0,GM,4
1203,120,3,0.1861826117145,GM,4
1204,120,4,3.1157878507554564,GM,4
1205,120,5,0.7860711430855076,GM,4
1206,120,6,4.651133752871843,GM,4
1207,120,7,0.5494824016563129,GM,4
1208,120,8,3.1264402753030787,GM,4
1209,120,9,0.3243376341967874,GM,4
1210,121,0,5.346648091860889,GM,4
1211,121,1,0.0,GM,4
1212,121,2,4.812828550759583,GM,4
1213,121,3,5.549818975350888,GM,4
1214,121,4,2.0857487922705182,GM,4
1215,121,5,3.791146881287732,GM,4
1216,121,6,4.252293805485316,GM,4
1217,121,7,2.356184328191368,GM,4
1218,121,8,0.9290780141843911,GM,4
1219,121,9,4.069919517102633,GM,4
1220,122,0,2.49586696013694,GM,4
1221,122,1,7.3007085498347095,GM,4
1222,122,2,1.3355512384652712,GM,4
1223,122,3,2.419284940411689,GM,4
1224,122,4,0.3227969348659272,GM,4
1225,122,5,6.692470076467128,GM,4
1226,122,6,0.6596831123356175,GM,4
1227,122,7,0.0,GM,4
1228,122,8,4.096815228844104,GM,4
1229,122,9,3.784925934919869,GM,4
1230,123,0,1.824928592534235,GM,4
1231,123,1,1.2212039359444518,GM,4
1232,123,2,2.2611842261672166,GM,4
1233,123,3,0.850764159424644,GM,4
1234,123,4,0.10634990359914553,GM,4
1235,123,5,0.0,GM,4
1236,123,6,0.7391490706692352,GM,4
1237,123,7,3.0706266585017232,GM,4
1238,123,8,4.544639757405722,GM,4
1239,123,9,11.630350527513976,GM,4
1240,124,0,0.16108539347976603,GM,4
1241,124,1,0.0,GM,4
1242,124,2,3.3693579470175195,GM,4
1243,124,3,0.49650349650347714,GM,4
1244,124,4,3.2689641992699094,GM,4
1245,124,5,0.3383168555582756,GM,4
1246,124,6,5.361111111111086,GM,4
1247,124,7,3.7469265367316567,GM,4
1248,124,8,0.0,GM,4
1249,124,9,5.49392451520113,GM,4
1250,125,0,1.4420473143877324,GM,4
1251,125,1,2.451655881233364,GM,4
1252,125,2,1.4770148669796512,GM,4
1253,125,3,4.042352014183025,GM,4
1254,125,4,0.9300699300699335,GM,4
1255,125,5,0.4636904761904814,GM,4
1256,125,6,0.6391156462585137,GM,4
1257,125,7,2.385105441017025,GM,4
1258,125,8,5.637184505500414,GM,4
1259,125,9,2.7766177484487216,GM,4
1260,126,0,2.102593995919566,GM,4
1261,126,1,4.2854679802955715,GM,4
1262,126,2,1.3700739357223881,GM,4
1263,126,3,1.6065080135988232,GM,4
1264,126,4,0.47109228799369873,GM,4
1265,126,5,4.310200836401546,GM,4
1266,126,6,0.35069200093830233,GM,4
1267,126,7,3.5538146820548846,GM,4
1268,126,8,1.2723965975089548,GM,4
1269,126,9,5.944454394126808,GM,4
1270,127,0,3.293451860487721,GM,4
1271,127,1,5.063720252549771,GM,4
1272,127,2,1.915674603174601,GM,4
1273,127,3,0.0,GM,4
1274,127,4,1.817793317793317,GM,4
1275,127,5,2.1170834530995517,GM,4
1276,127,6,3.2321642685851515,GM,4
1277,127,7,0.0,GM,4
1278,127,8,0.20459715242422405,GM,4
1279,127,9,1.7535154206592551,GM,4
1280,128,0,1.7881641347158563,GM,4
1281,128,1,3.969833183498153,GM,4
1282,128,2,1.1313999805693058,GM,4
1283,128,3,7.809674527296984,GM,4
1284,128,4,2.3290598290598368,GM,4
1285,128,5,2.9788732394366093,GM,4
1286,128,6,1.6249999999999858,GM,4
1287,128,7,5.197183098591545,GM,4
1288,128,8,5.830985915492985,GM,4
1289,128,9,8.177446183953016,GM,4
1290,129,0,0.07614974536181762,GM,4
1291,129,1,3.315262799961161,GM,4
1292,129,2,5.949928548277896,GM,4
1293,129,3,5.950428579683679,GM,4
1294,129,4,3.843673035981304,GM,4
1295,129,5,0.0,GM,4
1296,129,6,0.2498563218390899,GM,4
1297,129,7,4.475278242883888,GM,4
1298,129,8,0.0,GM,4
1299,129,9,2.2168650793650926,GM,4
1300,130,0,0.0,GM,4
1301,130,1,0.039667757362195744,GM,4
1302,130,2,2.0429823997256022,GM,4
1303,130,3,5.1111937707682475,GM,4
1304,130,4,4.42730496453899,GM,4
1305,130,5,10.538358198499777,GM,4
1306,130,6,0.23777499922497825,GM,4
1307,130,7,0.0,GM,4
1308,130,8,2.0049808429118734,GM,4
1309,130,9,3.4559254910523407,GM,4
1310,131,0,7.681849795157312,GM,4
1311,131,1,0.5460417678484362,GM,4
1312,131,2,4.120557230757413,GM,4
1313,131,3,0.11817001298572016,GM,4
1314,131,4,1.8120760534429508,GM,4
1315,131,5,7.336903903149397,GM,4
1316,131,6,3.752530197078748,GM,4
1317,131,7,2.9245337995338048,GM,4
1318,131,8,1.1183504652598835,GM,4
1319,131,9,1.7021499238964921,GM,4
1320,132,0,0.0,GM,4
1321,132,1,0.23865675996270852,GM,4
1322,132,2,0.37727021180260323,GM,4
1323,132,3,8.303063134049058,GM,4
1324,132,4,4.268866353109516,GM,4
1325,132,5,3.7261797820681366,GM,4
1326,132,6,1.419106516089272,GM,4
1327,132,7,0.8909897742619961,GM,4
1328,132,8,6.397738951695793,GM,4
1329,132,9,2.4972134968082074,GM,4
1330,133,0,6.072645836706034,GM,4
1331,133,1,3.1804273919378403,GM,4
1332,133,2,2.811663563758046,GM,4
1333,133,3,0.0,GM,4
1334,133,4,5.96360031572798,GM,4
1335,133,5,3.4525833878351975,GM,4
1336,133,6,3.4325752017608124,GM,4
1337,133,7,2.0544128077819437,GM,4
1338,133,8,0.0,GM,4
1339,133,9,4.318208199397922,GM,4
1340,134,0,3.211267605633793,GM,4
1341,134,1,1.3354910077488782,GM,4
1342,134,2,3.799507389162571,GM,4
1343,134,3,12.671849270400255,GM,4
1344,134,4,4.841518181981158,GM,4
1345,134,5,0.21105492820378657,GM,4
1346,134,6,2.9166666666666714,GM,4
1347,134,7,4.17446043165468,GM,4
1348,134,8,2.0861283643892357,GM,4
1349,134,9,5.835970699106973,GM,4
1350,135,0,4.694847502279856,GM,4
1351,135,1,2.9519884092725945,GM,4
1352,135,2,1.593103448275869,GM,4
1353,135,3,0.0,GM,4
1354,135,4,3.7861090731230256,GM,4
1355,135,5,0.5253436218953453,GM,4
1356,135,6,2.0620629370629366,GM,4
1357,135,7,2.300487987987978,GM,4
1358,135,8,0.0,GM,4
1359,135,9,6.320747178104064,GM,4
1360,136,0,6.2956996903805305,GM,4
1361,136,1,2.6601986016820263,GM,4
1362,136,2,1.0979452054794478,GM,4
1363,136,3,0.6147140530702178,GM,4
1364,136,4,2.108488733488752,GM,4
1365,136,5,0.23239436619718568,GM,4
1366,136,6,2.0128968253968083,GM,4
1367,136,7,0.030986972888371156,GM,4
1368,136,8,0.0,GM,4
1369,136,9,2.0298951551466615,GM,4
1370,137,0,8.574387412162292,GM,4
1371,137,1,0.0,GM,4
1372,137,2,3.7904255319148987,GM,4
1373,137,3,2.1957360601968006,GM,4
1374,137,4,6.692088987501872,GM,4
1375,137,5,0.2385680099716616,GM,4
1376,137,6,1.8963883338883605,GM,4
1377,137,7,0.0,GM,4
1378,137,8,3.5656955431217483,GM,4
1379,137,9,0.0,GM,4
1380,138,0,1.07707425076266,GM,4
1381,138,1,4.673515383078609,GM,4
1382,138,2,0.0750674258315982,GM,4
1383,138,3,3.939254406359904,GM,4
1384,138,4,0.549954402675052,GM,4
1385,138,5,3.3333333333333215,GM,4
1386,138,6,1.8614045383411764,GM,4
1387,138,7,0.5555555555555713,GM,4
1388,138,8,4.0205479452054576,GM,4
1389,138,9,0.527093114241012,GM,4
1390,139,0,1.1485042735042672,GM,4
1391,139,1,4.13378684807256,GM,4
1392,139,2,3.119434522312204,GM,4
1393,139,3,5.07802471501102,GM,4
1394,139,4,0.1413191125421207,GM,4
1395,139,5,4.024434081414572,GM,4
1396,139,6,3.0217992822837267,GM,4
1397,139,7,3.4142240737985503,GM,4
1398,139,8,5.178661007138729,GM,4
1399,139,9,4.982862208214307,GM,4
1400,140,0,0.4085729777512519,GM,4
1401,140,1,0.9612524461839698,GM,4
1402,140,2,0.8957128889619881,GM,4
1403,140,3,10.35514774633048,GM,4
1404,140,4,1.0725250170018512,GM,4
1405,140,5,0.0,GM,4
1406,140,6,5.154929577464799,GM,4
1407,140,7,2.664285714285704,GM,4
1408,140,8,2.831800766283539,GM,4
1409,140,9,2.3461368917766805,GM,4
1410,141,0,5.126379368475561,GM,4
1411,141,1,3.3648429584599597,GM,4
1412,141,2,0.36905348172954433,GM,4
1413,141,3,1.393745143745126,GM,4
1414,141,4,0.4178082191780952,GM,4
1415,141,5,0.16428571428569505,GM,4
1416,141,6,10.827519893642108,GM,4
1417,141,7,4.940137876308086,GM,4
1418,141,8,2.626298960831324,GM,4
1419,141,9,1.712027186761226,GM,4
1420,142,0,0.8560874704491646,GM,4
1421,142,1,1.3390168075391244,GM,4
1422,142,2,0.36291366819741455,GM,4
1423,142,3,0.0,GM,4
1424,142,4,1.6229523900756817,GM,4
1425,142,5,1.9279289428816941,GM,4
1426,142,6,4.1775923495649,GM,4
1427,142,7,5.280651340996165,GM,4
1428,142,8,0.03496503496504033,GM,4
1429,142,9,0.0,GM,4
1430,143,0,3.651932873838785,GM,4
1431,143,1,5.556117146905983,GM,4
1432,143,2,7.1151158871523705,GM,4
1433,143,3,0.5736923974333763,GM,4
1434,143,4,1.2358908696936766,GM,4
1435,143,5,2.644341573919032,GM,4
1436,143,6,4.707871341524331,GM,4
1437,143,7,7.9097051597051475,GM,4
1438,143,8,0.0,GM,4
1439,143,9,2.4321281555324106,GM,4
1440,144,0,6.2329853245346065,GM,4
1441,144,1,2.9195726080621682,GM,4
1442,144,2,9.049979221072391,GM,4
1443,144,3,0.17038367038368563,GM,4
1444,144,4,0.28873239436619613,GM,4
1445,144,5,0.19580419580420205,GM,4
1446,144,6,0.2253521126760596,GM,4
1447,144,7,3.6372720010651136,GM,4
1448,144,8,4.58450704225352,GM,4
1449,144,9,2.5104151870802767,GM,4
1450,145,0,10.412598880956999,GM,4
1451,145,1,2.68262012012012,GM,4
1452,145,2,4.84393537496986,GM,4
1453,145,3,2.695643363728446,GM,4
1454,145,4,1.037326738207014,GM,4
1455,145,5,1.054545454545444,GM,4
1456,145,6,0.02670969408374191,GM,4
1457,145,7,1.5191336441336674,GM,4
1458,145,8,0.5939445776312695,GM,4
1459,145,9,0.5661772050744034,GM,4
1460,146,0,4.489967200463056,GM,4
1461,146,1,1.8912488890007033,GM,4
1462,146,2,1.592658730158739,GM,4
1463,146,3,2.547691416992338,GM,4
1464,146,4,1.3889077761588737,GM,4
1465,146,5,2.8293679867605306,GM,4
1466,146,6,0.0,GM,4
1467,146,7,1.0231604683732627,GM,4
1468,146,8,4.391414141414145,GM,4
1469,146,9,1.6267605633802873,GM,4
1470,147,0,3.3262117193151752,GM,4
1471,147,1,0.5241379310344811,GM,4
1472,147,2,2.1099932930918612,GM,4
1473,147,3,1.7532505910165384,GM,4
1474,147,4,0.7389596704665138,GM,4
1475,147,5,2.5613026819923466,GM,4
1476,147,6,0.9202107279693479,GM,4
1477,147,7,8.154686822039835,GM,4
1478,147,8,6.138879856610885,GM,4
1479,147,9,3.6147444105190587,GM,4
1480,148,0,0.7955803788246669,GM,4
1481,148,1,2.9857071464268046,GM,4
1482,148,2,2.8608553027567254,GM,4
1483,148,3,1.891014734831062,GM,4
1484,148,4,5.236167998667984,GM,4
1485,148,5,0.63209013209012,GM,4
1486,148,6,1.466016548463358,GM,4
1487,148,7,4.709954801321345,GM,4
1488,148,8,2.0548916739531755,GM,4
1489,148,9,1.2030373148494746,GM,4
1490,149,0,1.823254420137836,GM,4
1491,149,1,3.915492957746487,GM,4
1492,149,2,3.6889290785842377,GM,4
1493,149,3,2.9465951955529057,GM,4
1494,149,4,1.6480885311871134,GM,4
1495,149,5,4.99352857817669,GM,4
1496,149,6,2.5304836009061376,GM,4
1497,149,7,3.408244680851084,GM,4
1498,149,8,9.511324316410299,GM,4
1499,149,9,0.7749216300940347,GM,4
1500,150,0,6.153081789507244,GM,4
1501,150,1,2.75117370892017,GM,4
1502,150,2,2.062704997105925,GM,4
1503,150,3,1.6535311157726529,GM,4
1504,150,4,7.067622497436734,GM,4
1505,150,5,3.1945402298850576,GM,4
1506,150,6,5.676284060766818,GM,4
1507,150,7,2.5724942848022465,GM,4
1508,150,8,1.3044543088933125,GM,4
1509,150,9,0.551724137931032,GM,4
1510,151,0,0.958041958041985,GM,4
1511,151,1,4.235779234795757,GM,4
1512,151,2,0.0,GM,4
1513,151,3,0.260563380281682,GM,4
1514,151,4,4.263888888888893,GM,4
1515,151,5,3.762856690973269,GM,4
1516,151,6,4.048485155537545,GM,4
1517,151,7,9.175804293033671,GM,4
1518,151,8,8.920807801331073,GM,4
1519,151,9,2.305488101019904,GM,4
1520,152,0,4.253319919517105,GM,4
1521,152,1,4.313205473978634,GM,4
1522,152,2,4.863165203590739,GM,4
1523,152,3,5.8870623318898865,GM,4
1524,152,4,5.790310655867149,GM,4
1525,152,5,0.23239436619717857,GM,4
1526,152,6,1.2360704539816432,GM,4
1527,152,7,3.9855242566510256,GM,4
1528,152,8,10.946858455698724,GM,4
1529,152,9,2.416044061302685,GM,4
1530,153,0,0.19784382284381508,GM,4
1531,153,1,0.15090370215097693,GM,4
1532,153,2,12.441233820879205,GM,4
1533,153,3,4.0092754467754474,GM,4
1534,153,4,1.7052008824259488,GM,4
1535,153,5,0.0,GM,4
1536,153,6,1.1409285159285218,GM,4
1537,153,7,0.0,GM,4
1538,153,8,4.084507042253513,GM,4
1539,153,9,0.2063585228662319,GM,4
1540,154,0,1.5174825174825042,GM,4
1541,154,1,2.8644093685425958,GM,4
1542,154,2,2.532594967453612,GM,4
1543,154,3,3.4469340183625903,GM,4
1544,154,4,6.46793521255778,GM,4
1545,154,5,0.0,GM,4
1546,154,6,5.350419491641837,GM,4
1547,154,7,0.06395687645687786,GM,4
1548,154,8,1.864528574873411,GM,4
1549,154,9,2.0094071507083626,GM,4
1550,155,0,6.169763325449329,GM,4
1551,155,1,0.8434865900383173,GM,4
1552,155,2,4.129457596643704,GM,4
1553,155,3,5.621508177739173,GM,4
1554,155,4,5.379785523745127,GM,4
1555,155,5,5.363636363636364,GM,4
1556,155,6,2.3609784339267677,GM,4
1557,155,7,4.47721073252989,GM,4
1558,155,8,9.632047432897355,GM,4
1559,155,9,2.723096348096341,GM,4
1560,156,0,5.754473113093805,GM,4
1561,156,1,2.2872437906920737,GM,4
1562,156,2,11.725221839840579,GM,4
1563,156,3,5.397774947557704,GM,4
1564,156,4,4.224847150892636,GM,4
1565,156,5,5.413615816807317,GM,4
1566,156,6,3.5849219273876827,GM,4
1567,156,7,6.271850279760756,GM,4
1568,156,8,5.133752871840986,GM,4
1569,156,9,3.9930555555555713,GM,4
1570,157,0,7.285912698412698,GM,4
1571,157,1,0.3205128205128105,GM,4
1572,157,2,5.451698301698315,GM,4
1573,157,3,0.0,GM,4
1574,157,4,5.743307168701506,GM,4
1575,157,5,5.1315053441214715,GM,4
1576,157,6,4.877561276439401,GM,4
1577,157,7,5.619718309859159,GM,4
1578,157,8,5.262411347517723,GM,4
1579,157,9,2.726398601398607,GM,4
1580,158,0,1.378793670524331,GM,4
1581,158,1,0.6097999222998993,GM,4
1582,158,2,2.5691590563166002,GM,4
1583,158,3,1.3430305973773606,GM,4
1584,158,4,4.1679292929292835,GM,4
1585,158,5,0.2588435374149638,GM,4
1586,158,6,1.2780168696910579,GM,4
1587,158,7,5.994435142322459,GM,4
1588,158,8,5.2278636856101635,GM,4
1589,158,9,5.914024230802717,GM,4
1590,159,0,0.0,GM,4
1591,159,1,0.28243907891791764,GM,4
1592,159,2,1.601398601398607,GM,4
1593,159,3,9.623830394957182,GM,4
1594,159,4,6.382479368489268,GM,4
1595,159,5,7.331171619841567,GM,4
1596,159,6,2.38736435977815,GM,4
1597,159,7,2.9900373599003913,GM,4
1598,159,8,2.7069908814589674,GM,4
1599,159,9,0.05750547345374457,GM,4
1600,160,0,2.694559814113152,GM,4
1601,160,1,0.9387420559659105,GM,4
1602,160,2,5.623673548138136,GM,4
1603,160,3,4.233518205932002,GM,4
1604,160,4,6.094057226705807,GM,4
1605,160,5,6.208748698110403,GM,4
1606,160,6,0.0,GM,4
1607,160,7,1.958599778749118,GM,4
1608,160,8,6.333090520590517,GM,4
1609,160,9,1.9781746031746152,GM,4
1610,161,0,1.603943734299321,GM,4
1611,161,1,0.09795277186582041,GM,4
1612,161,2,1.1192207307979132,GM,4
1613,161,3,5.148275862068971,GM,4
1614,161,4,4.253597122302175,GM,4
1615,161,5,3.908392147947586,GM,4
1616,161,6,4.850905432595582,GM,4
1617,161,7,2.585374634943605,GM,4
1618,161,8,0.13890926876986498,GM,4
1619,161,9,1.7072927072927158,GM,4
1620,162,0,8.031287726358151,GM,4
1621,162,1,3.3951951375434746,GM,4
1622,162,2,7.570039509051448,GM,4
1623,162,3,5.699241868427485,GM,4
1624,162,4,8.114570854244235,GM,4
1625,162,5,3.7234038370600278,GM,4
1626,162,6,7.618366391470769,GM,4
1627,162,7,1.2716269841269892,GM,4
1628,162,8,6.645164462348305,GM,4
1629,162,9,4.321822013602834,GM,4
1630,163,0,1.5555818628244396,GM,4
1631,163,1,1.8502564102564207,GM,4
1632,163,2,4.75901300236406,GM,4
1633,163,3,0.8228602383531936,GM,4
1634,163,4,0.0,GM,4
1635,163,5,1.5686507936507903,GM,4
1636,163,6,7.577741798431436,GM,4
1637,163,7,6.066583269587852,GM,4
1638,163,8,5.322309634809635,GM,4
1639,163,9,1.2842229570146344,GM,4
1640,164,0,4.6818007662835335,GM,4
1641,164,1,2.7921126492555075,GM,4
1642,164,2,4.735961231015203,GM,4
1643,164,3,2.9190140845070474,GM,4
1644,164,4,7.016948329448336,GM,4
1645,164,5,0.6245748299319871,GM,4
1646,164,6,6.04137931034483,GM,4
1647,164,7,2.3973554033485485,GM,4
1648,164,8,6.8909404965635925,GM,4
1649,164,9,1.6103829875806426,GM,4
1650,165,0,5.278400383141761,GM,4
1651,165,1,2.1614086573734426,GM,4
1652,165,2,5.7800492610837395,GM,4
1653,165,3,4.241550116550123,GM,4
1654,165,4,3.8523752109959055,GM,4
1655,165,5,3.4229928426356935,GM,4
1656,165,6,3.4871819960860932,GM,4
1657,165,7,0.7611592582238345,GM,4
1658,165,8,4.486628236628238,GM,4
1659,165,9,1.6510060362173107,GM,4
1660,166,0,9.112807881773424,GM,4
1661,166,1,6.810105134352206,GM,4
1662,166,2,10.21376818797124,GM,4
1663,166,3,0.8430365296803615,GM,4
1664,166,4,4.535590989470293,GM,4
1665,166,5,0.9335010060362094,GM,4
1666,166,6,7.5978985021238685,GM,4
1667,166,7,1.932342876324988,GM,4
1668,166,8,3.44670207581526,GM,4
1669,166,9,3.974020711571015,GM,4
1670,167,0,1.9431202600216722,GM,4
1671,167,1,7.709641951324805,GM,4
1672,167,2,12.18693749586394,GM,4
1673,167,3,1.557768259560099,GM,4
1674,167,4,0.75,GM,4
1675,167,5,0.0,GM,4
1676,167,6,0.8950556485767791,GM,4
1677,167,7,2.655172413793103,GM,4
1678,167,8,0.9856885899092305,GM,4
1679,167,9,1.683314307458133,GM,4
1680,168,0,2.205105942999051,GM,4
1681,168,1,2.913947163947171,GM,4
1682,168,2,4.500000000000007,GM,4
1683,168,3,2.390070921985819,GM,4
1684,168,4,0.06924603174603305,GM,4
1685,168,5,1.2454365079365086,GM,4
1686,168,6,4.557220117231765,GM,4
1687,168,7,6.843102927387559,GM,4
1688,168,8,1.0173407673407695,GM,4
1689,168,9,0.1700587084148708,GM,4
1690,169,0,0.0,GM,4
1691,169,1,3.173486088379711,GM,4
1692,169,2,10.67951503346319,GM,4
1693,169,3,5.719644986748806,GM,4
1694,169,4,2.971428630471177,GM,4
1695,169,5,4.408896658896666,GM,4
1696,169,6,12.299757429574559,GM,4
1697,169,7,0.3517241379310363,GM,4
1698,169,8,5.825587431125166,GM,4
1699,169,9,1.3321178821178847,GM,4
1700,170,0,2.074195308237872,GM,4
1701,170,1,0.47768912529551244,GM,4
1702,170,2,3.533163265306115,GM,4
1703,170,3,6.535531966199599,GM,4
1704,170,4,5.994868003928897,GM,4
1705,170,5,12.678823934817062,GM,4
1706,170,6,2.965367547752269,GM,4
1707,170,7,3.859674329501921,GM,4
1708,170,8,0.936423216425398,GM,4
1709,170,9,0.0,GM,4
1710,171,0,2.4751773049645287,GM,4
1711,171,1,3.9386820330969172,GM,4
1712,171,2,6.250332389473627,GM,4
1713,171,3,0.6560712720984654,GM,4
1714,171,4,4.227359208523591,GM,4
1715,171,5,6.3906729123163615,GM,4
1716,171,6,7.538251089269426,GM,4
1717,171,7,4.912133072407045,GM,4
1718,171,8,1.7095028259411809,GM,4
1719,171,9,3.829297249478195,GM,4
1720,172,0,8.398739996908326,GM,4
1721,172,1,0.0,GM,4
1722,172,2,3.2160494576655445,GM,4
1723,172,3,1.4390977762456814,GM,4
1724,172,4,7.156234816590793,GM,4
1725,172,5,5.503885381253035,GM,4
1726,172,6,0.8428287981859377,GM,4
1727,172,7,8.27113047091823,GM,4
1728,172,8,1.7929091792132112,GM,4
1729,172,9,0.0,GM,4
1730,173,0,5.743237796686071,GM,4
1731,173,1,0.32370199730626226,GM,4
1732,173,2,3.228814359943314,GM,4
1733,173,3,1.0122635933806023,GM,4
1734,173,4,4.7966751957462,GM,4
1735,173,5,0.29711482877806183,GM,4
1736,173,6,3.354321506353525,GM,4
1737,173,7,4.899586329163796,GM,4
1738,173,8,0.06414873237141538,GM,4
1739,173,9,0.7682109557109484,GM,4
1740,174,0,3.757733201380873,GM,4
1741,174,1,5.48797617584686,GM,4
1742,174,2,0.14629173508485138,GM,4
1743,174,3,0.10915379848242424,GM,4
1744,174,4,2.6555911784708,GM,4
1745,174,5,1.7035762694192513,GM,4
1746,174,6,0.5069430569430544,GM,4
1747,174,7,4.013454879612583,GM,4
1748,174,8,4.102079082871866,GM,4
1749,174,9,3.9291587722622197,GM,4
1750,175,0,3.6908290535583284,GM,4
1751,175,1,0.0,GM,4
1752,175,2,2.0962441314554,GM,4
1753,175,3,4.583692902841847,GM,4
1754,175,4,2.0698877068557984,GM,4
1755,175,5,2.4642275366875825,GM,4
1756,175,6,2.2657588889983273,GM,4
1757,175,7,4.030840213695967,GM,4
1758,175,8,1.0167424703407546,GM,4
1759,175,9,4.523122065727705,GM,4
1760,176,0,2.274113225627744,GM,4
1761,176,1,3.120566475020709,GM,4
1762,176,2,3.641110979187374,GM,4
1763,176,3,1.2120330066758598,GM,4
1764,176,4,4.2929149293585915,GM,4
1765,176,5,6.977362113639405,GM,4
1766,176,6,0.3015611149413928,GM,4
1767,176,7,1.0908084721034381,GM,4
1768,176,8,3.7826548331082366,GM,4
1769,176,9,2.5001306400954277,GM,4
1770,177,0,0.0,GM,4
1771,177,1,2.378483835005568,GM,4
1772,177,2,2.8502331002331047,GM,4
1773,177,3,1.0124716553288096,GM,4
1774,177,4,0.5980005909583355,GM,4
1775,177,5,6.674260510656636,GM,4
1776,177,6,2.0807641711944207,GM,4
1777,177,7,1.2077139803750185,GM,4
1778,177,8,0.4441456206364842,GM,4
1779,177,9,0.0,GM,4
1780,178,0,3.6929773082942106,GM,4
1781,178,1,5.549591621293207,GM,4
1782,178,2,0.9819265241800466,GM,4
1783,178,3,2.32177477694718,GM,4
1784,178,4,2.653652416287187,GM,4
1785,178,5,4.108374384236451,GM,4
1786,178,6,0.7483502413079854,GM,4
1787,178,7,1.6952578782044814,GM,4
1788,178,8,5.5752279635258395,GM,4
1789,178,9,5.240918592232454,GM,4
1790,179,0,0.1674158425731722,GM,4
1791,179,1,3.9359140859140886,GM,4
1792,179,2,0.00247430529120507,GM,4
1793,179,3,0.0,GM,4
1794,179,4,2.5238095238095255,GM,4
1795,179,5,2.893762575452719,GM,4
1796,179,6,5.873710295573826,GM,4
1797,179,7,3.5879535059396215,GM,4
1798,179,8,0.0,GM,4
1799,179,9,4.001997716894969,GM,4
1800,180,0,0.0,GM,4
1801,180,1,7.069005812060695,GM,4
1802,180,2,1.1801469651821677,GM,4
1803,180,3,3.07535460992907,GM,4
1804,180,4,10.090175232818336,GM,4
1805,180,5,5.503927579270041,GM,4
1806,180,6,0.9278045897764216,GM,4
1807,180,7,3.1717023000473574,GM,4
1808,180,8,3.6111111111111107,GM,4
1809,180,9,1.1773989898989754,GM,4
1810,181,0,3.759626436781616,GM,4
1811,181,1,0.42229992229992774,GM,4
1812,181,2,0.0,GM,4
1813,181,3,6.926907017332558,GM,4
1814,181,4,2.229460093896712,GM,4
1815,181,5,3.9616834793558873,GM,4
1816,181,6,3.7987255685412684,GM,4
1817,181,7,1.1493154732591364,GM,4
1818,181,8,5.370448252842622,GM,4
1819,181,9,0.3353204954249378,GM,4
1820,182,0,9.089331272811403,GM,4
1821,182,1,0.5124875124875174,GM,4
1822,182,2,0.0,GM,4
1823,182,3,2.6265101491807332,GM,4
1824,182,4,3.1627528321653493,GM,4
1825,182,5,5.112260536398473,GM,4
1826,182,6,1.024970449172578,GM,4
1827,182,7,3.529419377190832,GM,4
1828,182,8,2.164788732394367,GM,4
1829,182,9,2.7114760746147653,GM,4
1830,183,0,3.24657534246575,GM,4
1831,183,1,0.2858290033065636,GM,4
1832,183,2,0.02346382326438956,GM,4
1833,183,3,7.617544262462367,GM,4
1834,183,4,3.4267949091615684,GM,4
1835,183,5,6.606543794330235,GM,4
1836,183,6,4.405148043445916,GM,4
1837,183,7,0.20828672632363876,GM,4
1838,183,8,3.6705135891287,GM,4
1839,183,9,3.2514923989920064,GM,4
1840,184,0,1.9045821208392297,GM,4
1841,184,1,4.057697911607576,GM,4
1842,184,2,1.372772747596695,GM,4
1843,184,3,2.5423548485155507,GM,4
1844,184,4,3.627029145914044,GM,4
1845,184,5,3.381911613566288,GM,4
1846,184,6,0.0,GM,4
1847,184,7,3.8390381172577133,GM,4
1848,184,8,4.531034482758619,GM,4
1849,184,9,0.25135730007336576,GM,4
1850,185,0,1.530877573131093,GM,4
1851,185,1,4.069718309859152,GM,4
1852,185,2,3.128023312287514,GM,4
1853,185,3,0.2473591549295744,GM,4
1854,185,4,1.8411857372160298,GM,4
1855,185,5,0.0,GM,4
1856,185,6,0.9476730166385288,GM,4
1857,185,7,0.8565093130974653,GM,4
1858,185,8,12.016026343744372,GM,4
1859,185,9,0.4292235177375332,GM,4
1860,186,0,0.1097951344430328,GM,4
1861,186,1,0.5933601609657906,GM,4
1862,186,2,1.0574391126115295,GM,4
1863,186,3,1.1711956521739175,GM,4
1864,186,4,4.065139061318259,GM,4
1865,186,5,0.7594552929085356,GM,4
1866,186,6,1.6910712501962095,GM,4
1867,186,7,0.3374390725399241,GM,4
1868,186,8,4.7749572022499365,GM,4
1869,186,9,0.8531468531468533,GM,4
1870,187,0,0.0,GM,4
1871,187,1,3.583939869654156,GM,4
1872,187,2,0.6435502283105059,GM,4
1873,187,3,0.18724676828092157,GM,4
1874,187,4,5.057142857142857,GM,4
1875,187,5,3.982725430597771,GM,4
1876,187,6,2.5720735762090285,GM,4
1877,187,7,0.49842411110016904,GM,4
1878,187,8,10.79427129384026,GM,4
1879,187,9,3.7494092114781736,GM,4
1880,188,0,0.0,GM,4
1881,188,1,1.1902097902097886,GM,4
1882,188,2,0.35059045819556545,GM,4
1883,188,3,1.1885426031365505,GM,4
1884,188,4,3.049295774647888,GM,4
1885,188,5,4.301068479844584,GM,4
1886,188,6,2.3143583724569616,GM,4
1887,188,7,1.535832961364882,GM,4
1888,188,8,6.097819336566889,GM,4
1889,188,9,4.749589584692316,GM,4
1890,189,0,1.0254159633469975,GM,4
1891,189,1,2.563651206694221,GM,4
1892,189,2,0.18620689655173095,GM,4
1893,189,3,2.3941664169413652,GM,4
1894,189,4,0.45279720279720337,GM,4
1895,189,5,4.18632374337073,GM,4
1896,189,6,2.166666666666666,GM,4
1897,189,7,0.1973887118330424,GM,4
1898,189,8,0.0,GM,4
1899,189,9,2.0669330669330606,GM,4
1900,190,0,1.3801784422474057,GM,4
1901,190,1,0.17605633802816456,GM,4
1902,190,2,2.049935979513446,GM,4
1903,190,3,2.4524234386303334,GM,4
1904,190,4,2.4908470961662488,GM,4
1905,190,5,4.7949602376161735,GM,4
1906,190,6,2.3471313048292153,GM,4
1907,190,7,0.0,GM,4
1908,190,8,0.0,GM,4
1909,190,9,2.4004458405106988,GM,4
1910,191,0,0.13451679159676289,GM,4
1911,191,1,7.071722184733488,GM,4
1912,191,2,0.968625546381741,GM,4
1913,191,3,1.994109195402304,GM,4
1914,191,4,2.531034482758617,GM,4
1915,191,5,8.697791333642583,GM,4
1916,191,6,9.98414880678115,GM,4
1917,191,7,0.7935651478816972,GM,4
1918,191,8,0.9441425120772946,GM,4
1919,191,9,2.161085393479759,GM,4
1920,192,0,1.5936653332496462,GM,4
1921,192,1,3.2977727407115403,GM,4
1922,192,2,4.954757384431989,GM,4
1923,192,3,6.014556818549824,GM,4
1924,192,4,1.2503494548504364,GM,4
1925,192,5,5.398510274197356,GM,4
1926,192,6,8.105651340996165,GM,4
1927,192,7,4.155289598108753,GM,4
1928,192,8,1.7812739463601535,GM,4
1929,192,9,1.2209255533199155,GM,4
1930,193,0,2.1655172413793125,GM,4
1931,193,1,0.066536203522503,GM,4
1932,193,2,0.0,GM,4
1933,193,3,3.586071462783792,GM,4
1934,193,4,4.465948432144579,GM,4
1935,193,5,3.3403110539513916,GM,4
1936,193,6,4.094269062651772,GM,4
1937,193,7,2.991792929292929,GM,4
1938,193,8,1.4112547892720295,GM,4
1939,193,9,1.70123152709359,GM,4
1940,194,0,5.733506473895629,GM,4
1941,194,1,5.355158730158728,GM,4
1942,194,2,0.0,GM,4
1943,194,3,3.094022959510851,GM,4
1944,194,4,3.094682296121139,GM,4
1945,194,5,2.6681989519168976,GM,4
1946,194,6,4.186571483696699,GM,4
1947,194,7,4.114285714285716,GM,4
1948,194,8,0.17931034482758612,GM,4
1949,194,9,2.5845094225098038,GM,4
1950,195,0,0.0,GM,4
1951,195,1,0.0,GM,4
1952,195,2,0.9272918861959951,GM,4
1953,195,3,3.6472630817458374,GM,4
1954,195,4,0.7299663857641043,GM,4
1955,195,5,2.48355466704745,GM,4
1956,195,6,4.738086050549878,GM,4
1957,195,7,4.792653651577057,GM,4
1958,195,8,2.5690073815073857,GM,4
1959,195,9,2.7943262411347476,GM,4
1960,196,0,0.5560745332825405,GM,4
1961,196,1,0.9193886724602862,GM,4
1962,196,2,2.6057844593803487,GM,4
1963,196,3,0.0,GM,4
1964,196,4,1.1943969998826098,GM,4
1965,196,5,3.495054945054939,GM,4
1966,196,6,7.915082749686597,GM,4
1967,196,7,2.420269870974101,GM,4
1968,196,8,1.1864364853898852,GM,4
1969,196,9,0.26346892544075473,GM,4
1970,197,0,2.389224137931034,GM,4
1971,197,1,5.468837193785308,GM,4
1972,197,2,0.0,GM,4
1973,197,3,9.671285038838235,GM,4
1974,197,4,0.5460332770677638,GM,4
1975,197,5,8.73065030280705,GM,4
1976,197,6,0.6881965390450553,GM,4
1977,197,7,0.0,GM,4
1978,197,8,1.1516143431037076,GM,4
1979,197,9,0.5357116294093345,GM,4
1980,198,0,3.969135952532014,GM,4
1981,198,1,5.065801416780499,GM,4
1982,198,2,0.0,GM,4
1983,198,3,9.827868782744774,GM,4
1984,198,4,0.0,GM,4
1985,198,5,2.9092342564304783,GM,4
1986,198,6,3.0719178082191725,GM,4
1987,198,7,5.801290259036737,GM,4
1988,198,8,0.0,GM,4
1989,198,9,1.402578110024919,GM,4
