,sigma,omega,std_sigma,std_omega,params,type,CUMUL_STD
0,1.4909333618269136,0.6207789563926122,0.1055229042343135,0.021357084030626233,100N_0.125V/E,BA,0.1850045146000717
1,1.7523660467023123,0.6942575744452774,0.19567779840446414,0.02492932950148147,100N_0.1875V/E,BA,0.23070231723969492
2,2.256741250243579,0.7560319941058373,0.3111580461865097,0.029440851601039618,100N_0.25V/E,BA,0.28869285106126985
3,2.4371216204463173,0.7820076614120502,0.4333115033002052,0.03487635433116087,100N_0.3125V/E,BA,0.3556568488412353
4,2.6716581538459097,0.691760665579257,0.7538817103115079,0.06670386568532538,100N_0.375V/E,BA,0.6802683895541963
5,1.87181993525537,0.7435376830780291,0.10612812287691849,0.010698345862806356,176N_0.125V/E,BA,0.09475701439956997
6,2.203229652923614,0.8045731893066843,0.21728480284908086,0.014604025668088279,176N_0.1875V/E,BA,0.14687264972515648
7,2.7600794614103,0.8637142014784235,0.38541028496248986,0.018557814015374742,176N_0.25V/E,BA,0.2091380297338224
8,3.056184133286395,0.8819011344555777,0.5932084569106051,0.02250153413816995,176N_0.3125V/E,BA,0.27810228758586863
9,3.02443836053184,0.8186889785501178,0.8913132213041255,0.0373824249321816,176N_0.375V/E,BA,0.4552205988350948
10,2.736873592351326,0.9052019887670386,0.15170708912875586,0.004042143201576957,500N_0.125V/E,BA,0.04612856303628658
11,3.234263175141715,0.9386423462198824,0.26962164403565125,0.0048740425913419445,500N_0.1875V/E,BA,0.07334429334564703
12,4.122001249634917,1.0010620864833972,0.4542221847519254,0.0059311415137991794,500N_0.25V/E,BA,0.11387260244168843
13,4.571304099647182,1.0125368662803411,0.7455367065714233,0.008569064441748505,500N_0.3125V/E,BA,0.18604970335111776
14,4.580497658769842,0.9429211721200604,1.0901239215401433,0.01702117280418984,500N_0.375V/E,BA,0.31662183800580096
15,3.4521381497548753,0.9636304086022343,0.16034076571561007,0.0019110135671081385,1000N_0.125V/E,BA,0.02954000328133754
16,4.094703382086855,1.0060527776332668,0.3192507381909963,0.0033149247017505517,1000N_0.1875V/E,BA,0.06861492540346889
17,5.027075244625484,1.0619864408447781,0.4388254163189156,0.004794229137798567,1000N_0.25V/E,BA,0.10160240746087891
18,5.753988489734143,1.073604031004046,0.8177600979618487,0.007437488770605872,1000N_0.3125V/E,BA,0.18880822022386626
19,5.711787487919583,1.0010976652914414,1.2946897076991997,0.012571485560729649,1000N_0.375V/E,BA,0.31388489102577477
20,1.0123057532169681,0.7684993348637389,0.04813087643855187,0.009440645075004075,100N_0.125V/E,ER,0.07417804223075576
21,0.9993249616108295,0.8387236117941756,0.086909239391632,0.015472824320772618,100N_0.1875V/E,ER,0.13194234446890254
22,1.0297660694427209,0.8733841164488667,0.14823896655346874,0.020921959438138335,100N_0.25V/E,ER,0.18862074586960043
23,1.0017907240414505,0.8957609708864013,0.1762825809938382,0.02400752767613501,100N_0.3125V/E,ER,0.21957179701679702
24,1.0225456239393609,0.8980779877566302,0.2888223659394781,0.038044475032634556,100N_0.375V/E,ER,0.3578037319419004
25,1.0051393302200502,0.8702150280101594,0.05186776350382441,0.007688572768458164,176N_0.125V/E,ER,0.05996526534352994
26,0.9933946942072346,0.9103100782775239,0.0844517165955765,0.00975040305621372,176N_0.1875V/E,ER,0.08301481034024266
27,1.0439214335460798,0.9268397590578082,0.13519590088425568,0.014707190686285239,176N_0.25V/E,ER,0.1337095471764527
28,1.0425449270319331,0.9422989636257401,0.17194768555020118,0.021022893246205744,176N_0.3125V/E,ER,0.19353063858634825
29,1.0488870992707084,0.9417998345025203,0.2488861458825463,0.023117369307044836,176N_0.375V/E,ER,0.22444174903298136
30,0.9929842898656822,0.9535964835782003,0.03811329403071994,0.003756562224191943,500N_0.125V/E,ER,0.024282684562096295
31,1.0118231832416662,0.9676666200030948,0.07111646519164036,0.006972287708206707,500N_0.1875V/E,ER,0.05718514884762102
32,1.006593797633073,0.9758613343830669,0.13546365066673516,0.008649904646538566,500N_0.25V/E,ER,0.08240949750502985
33,1.0110000102373737,0.9791413063469967,0.1954669814384395,0.012593672161505204,500N_0.3125V/E,ER,0.12610051926089766
34,1.0726971936829168,0.9783311025221245,0.25659724272020834,0.016419819380694256,500N_0.375V/E,ER,0.16898721889337331
35,0.993306296087502,0.9769452320967582,0.044852079696927165,0.0024016621438426064,1000N_0.125V/E,ER,0.013949959366778886
36,1.0058105230007854,0.9837444319235502,0.08467365994157304,0.004938681950675456,1000N_0.1875V/E,ER,0.0422652159689986
37,1.0087738104910462,0.9875738088971382,0.12339932351241858,0.007380239226872335,1000N_0.25V/E,ER,0.06958385762344622
38,1.0339480004079364,0.9913365108737955,0.1996126384704331,0.007922577251188398,1000N_0.3125V/E,ER,0.08721394603313037
39,1.0577103038514284,0.9900750779271794,0.285505542970544,0.009166630517369257,1000N_0.375V/E,ER,0.1124475255887886
40,2.8440054054111443,-0.29549757667644777,0.130261713600751,0.046221869443290445,100N_0.125V/E,WS,0.4000064606436927
41,2.952543765052411,-0.24167316398652564,0.09945481305934778,0.042254707431011056,100N_0.125V/E,WS,0.3611098623996319
42,3.0316748749826394,-0.15943351344439688,0.06675368873745069,0.0347763990416664,100N_0.125V/E,WS,0.29212638520353873
43,3.0553400409164855,-0.09380783213923086,0.030977885548520077,0.03410172962248654,100N_0.125V/E,WS,0.2802895738979395
44,2.9212593697024403,0.03421177743032309,0.06311218993415484,0.037057038366630546,100N_0.125V/E,WS,0.31083598145017194
45,2.63177945897005,0.19474821126888392,0.08051077716811018,0.03632810042967091,100N_0.125V/E,WS,0.30763223164705195
46,2.2204788108965303,0.3784809795508779,0.06527919494109789,0.02502442268973709,100N_0.125V/E,WS,0.20920959785973028
47,1.5791120924688231,0.5995734473084373,0.07136773287683254,0.024478042051058135,100N_0.125V/E,WS,0.20561925917384313
48,1.0779066840762455,0.7543881313218035,0.02534210651983691,0.0074149127425810315,100N_0.125V/E,WS,0.0531095130480505
49,0.9601933367795127,0.7838892807410975,0.016812811044939143,0.004033840549371449,100N_0.125V/E,WS,0.022990605198426654
50,3.1357227986698484,-0.46301642658210584,0.321327055314756,0.07108836454835578,100N_0.1875V/E,WS,0.6434655465414286
51,3.6692082289954455,-0.3254643453169798,0.19109838700615325,0.059160317758204024,100N_0.1875V/E,WS,0.5200852576128764
52,3.8289614451085017,-0.23736170504210144,0.08335444473893713,0.04046803662693315,100N_0.1875V/E,WS,0.3432115368936916
53,3.913340840751767,-0.16537508819753308,0.047127980942842186,0.04318706472634635,100N_0.1875V/E,WS,0.36006503837995707
54,3.8756907966506104,-0.025976861917346876,0.11947268502644336,0.05055370550994956,100N_0.1875V/E,WS,0.4348811873156202
55,3.610057364573975,0.13143886828647686,0.09819940005717094,0.04899740347885487,100N_0.1875V/E,WS,0.41805103634738117
56,2.894270642178191,0.36615905163260715,0.1620590007572383,0.05048331023773573,100N_0.1875V/E,WS,0.4415669347010224
57,2.0462545637360976,0.5839948578780676,0.13027228650169229,0.029900394223691635,100N_0.1875V/E,WS,0.2616559129226771
58,1.0786539670358748,0.7939337349706677,0.10501502230753194,0.02202261923220582,100N_0.1875V/E,WS,0.1905592109123565
59,0.8635893914684747,0.8366353524563245,0.05425464809214863,0.009659352593562749,100N_0.1875V/E,WS,0.0770791564684986
60,3.8548765623487413,-0.48306094406104433,0.439176837890541,0.08061082413331898,100N_0.25V/E,WS,0.7443375289106812
61,4.356783427284088,-0.3794941509783188,0.3556044272597944,0.06275573976091813,100N_0.25V/E,WS,0.5786939290945627
62,4.608011661473957,-0.30731337404869125,0.402976809926274,0.08254039971191782,100N_0.25V/E,WS,0.7545035937066606
63,4.946531183125396,-0.18029837159613388,0.1084660719820185,0.04608729870244051,100N_0.25V/E,WS,0.3951385830700572
64,5.008338266215657,-0.04014802480817932,0.11188007054224955,0.04988116283469031,100N_0.25V/E,WS,0.427881866357412
65,4.607199985167549,0.15681413904481256,0.16728491515645424,0.05408856656895955,100N_0.25V/E,WS,0.47302129144313887
66,3.9038659886210616,0.36233235554833465,0.16871448172102108,0.03614128616302876,100N_0.25V/E,WS,0.3211319250952882
67,2.573139482150898,0.62808565351682,0.256057630098459,0.04372609851916276,100N_0.25V/E,WS,0.40036225746606174
68,1.248364693360452,0.8460896769593628,0.10526165602507022,0.014318627918559498,100N_0.25V/E,WS,0.12529691292602582
69,0.8875018577779678,0.8976115254567121,0.1228759774987298,0.01729618405978166,100N_0.25V/E,WS,0.15354891732233317
70,3.879723632801543,-0.555768105404165,0.30258358014340353,0.049725739072062944,100N_0.3125V/E,WS,0.45917561388874667
71,4.21180336874522,-0.5035069142968749,0.4702263317439809,0.07510824275643072,100N_0.3125V/E,WS,0.7030033760725635
72,4.954391675862064,-0.33578299724464594,0.410458290830156,0.09178810248015701,100N_0.3125V/E,WS,0.8341730259240924
73,5.018887829042804,-0.28587645107875287,0.32338389761593883,0.09937481658902375,100N_0.3125V/E,WS,0.8835932296051381
74,5.370050328510218,-0.08592561903223445,0.18445577591354037,0.05810719669999926,100N_0.3125V/E,WS,0.5100223405948355
75,5.071650255689803,0.08846209926072804,0.10363016877823697,0.05396004353849049,100N_0.3125V/E,WS,0.46104656770458224
76,4.19635875182714,0.3276729699328459,0.35444050470618804,0.07884059837155455,100N_0.3125V/E,WS,0.7148415188497191
77,2.8304761452864433,0.5934566167867887,0.2522428705996526,0.04074702448201152,100N_0.3125V/E,WS,0.3744571786338554
78,1.2431531331803074,0.8296105844812413,0.17285141744974056,0.0242731704378207,100N_0.3125V/E,WS,0.22123682707111725
79,0.8096042737072631,0.8904207726914795,0.15559470109355988,0.01840599431974672,100N_0.3125V/E,WS,0.1685515143356998
80,2.6201795196013387,-0.7173247107884428,0.3120076694340652,0.044816031017055766,100N_0.375V/E,WS,0.4191690246870064
81,3.315530348666943,-0.6162217603052703,0.3254369332720287,0.04545397210360797,100N_0.375V/E,WS,0.42687313360473256
82,3.6811162924927485,-0.5262275649814244,0.46605839902136437,0.08873304098962011,100N_0.375V/E,WS,0.8177840555641175
83,3.7982293906912865,-0.4887967368794682,0.37571331088433485,0.07065603326779814,100N_0.375V/E,WS,0.6491011157937899
84,4.348407051368587,-0.27527125106127104,0.1967146887052835,0.06849789162543399,100N_0.375V/E,WS,0.6001975460326343
85,4.239295969026891,-0.048122178826027685,0.28753763050312864,0.10846116017065013,100N_0.375V/E,WS,0.9544856113675414
86,3.772232294554814,0.16785458751582646,0.5274344405979746,0.11929197649827855,100N_0.375V/E,WS,1.0873187861536537
87,2.5612470743152835,0.4498995447931261,0.3228272156491878,0.047766640735835496,100N_0.375V/E,WS,0.4460306724979146
88,1.0353604727967731,0.7027741076912186,0.2760063676003847,0.037470454560298884,100N_0.375V/E,WS,0.3507463307005908
89,0.49581885631514194,0.786023534307715,0.26223906183841394,0.03719222031183465,100N_0.375V/E,WS,0.3460335442740343
90,4.594548302713582,-0.35066543409451134,0.2079893477302551,0.03854477461886858,176N_0.125V/E,WS,0.3482217848236515
91,4.773323527755721,-0.3001156687730586,0.15268853674119406,0.03790187019903717,176N_0.125V/E,WS,0.3333153646456182
92,4.964758078586181,-0.23064604812403497,0.14632363454722178,0.04708214180549672,176N_0.125V/E,WS,0.4100454037304106
93,5.103272750668961,-0.11227116530359076,0.056852708794072164,0.024608360399137125,176N_0.125V/E,WS,0.20424178973901794
94,4.9738266108128055,0.009817407748000072,0.060340295686610965,0.020249088862738143,176N_0.125V/E,WS,0.16788591854466178
95,4.511902525909925,0.16565855658394074,0.04301246124238989,0.013917199693517835,176N_0.125V/E,WS,0.11124920810979971
96,3.555683993820319,0.3883243289654922,0.08182314254816295,0.01631528335299511,176N_0.125V/E,WS,0.13821387511991468
97,2.402439961061359,0.6190054800093887,0.10559806061573282,0.01759970868253987,176N_0.125V/E,WS,0.1531671985205637
98,1.244851546860105,0.8286601482081576,0.03932534737085377,0.00632348946958879,176N_0.125V/E,WS,0.04624904055689277
99,0.93562142347958,0.8815187096131474,0.022479115303926663,0.0024841120374823333,176N_0.125V/E,WS,0.010822977018030196
100,5.074863575839977,-0.49431962370215937,0.34705872466099963,0.03825163754071439,176N_0.1875V/E,WS,0.36951848876959004
101,5.659477148960595,-0.4084534617434016,0.30874375533998366,0.04669012972060686,176N_0.1875V/E,WS,0.43449706421396267
102,6.16133732510769,-0.29493088861509814,0.20442055930188308,0.045645043117073486,176N_0.1875V/E,WS,0.40779839703242926
103,6.479763808477111,-0.21102202368063705,0.12661132813339115,0.036101998749691395,176N_0.1875V/E,WS,0.31359905285214706
104,6.539737167516014,-0.05650161463428908,0.08257130801170398,0.04135577377882303,176N_0.1875V/E,WS,0.35060270401961724
105,6.001249809263934,0.14055680302529322,0.058812554366604465,0.01777785366881704,176N_0.1875V/E,WS,0.146676731806012
106,4.896622776638269,0.3680639945740197,0.18686430084139635,0.028402917161653832,176N_0.1875V/E,WS,0.25863974945804563
107,3.157158670920043,0.6246301793480792,0.2718640868602286,0.03483478685899785,176N_0.1875V/E,WS,0.32769619887361384
108,1.3484814187633067,0.8461617698830279,0.08383789424216646,0.010393148383599886,176N_0.1875V/E,WS,0.08835820724785962
109,0.8678835009230907,0.8999218235555922,0.05130139263755572,0.005544097769802331,176N_0.1875V/E,WS,0.04169032792005838
110,6.256553646948554,-0.517245896715126,0.5969634915638197,0.05882976033904849,176N_0.25V/E,WS,0.5866881294326671
111,6.65860358444917,-0.45907864594703424,0.5028375033228147,0.05329148111296035,176N_0.25V/E,WS,0.5236457591705862
112,7.657403623503596,-0.33636168399806693,0.3503362604398931,0.05593211786083356,176N_0.25V/E,WS,0.519951206516577
113,7.975106797336745,-0.24961812166046743,0.21790881938610823,0.050240569720987914,176N_0.25V/E,WS,0.44905988563382476
114,8.35312296626156,-0.08866781972416111,0.1464977842835627,0.02475905100652935,176N_0.25V/E,WS,0.22084889441212097
115,7.929492548146404,0.09694741770274157,0.1954237783635273,0.04595148049844938,176N_0.25V/E,WS,0.40885748341888206
116,6.413309966015335,0.35664491725238034,0.3526268758705266,0.045543957079479544,176N_0.25V/E,WS,0.4322855224787282
117,4.149303256282253,0.6314370247582348,0.23465897551576598,0.02005132556319863,176N_0.25V/E,WS,0.1960188805366183
118,1.5875434068044725,0.8798949078160916,0.1217690235842021,0.01010573445504468,176N_0.25V/E,WS,0.09240829161944158
119,0.9486757358213135,0.9379025174219807,0.1232222492329609,0.010330276873974168,176N_0.25V/E,WS,0.09456018047586423
120,6.354697242713173,-0.5848682736854501,0.37685384228078916,0.0279235519493893,176N_0.3125V/E,WS,0.28706544835085446
121,6.428808576590811,-0.5646855036441484,0.6277916078031635,0.052129327436598295,176N_0.3125V/E,WS,0.5351622840832566
122,7.305877658646095,-0.46127933804918764,0.8987034598355428,0.085686734004167,176N_0.3125V/E,WS,0.8659458182526897
123,8.475912467764864,-0.30580034616554563,0.21910198539934803,0.03935280690549949,176N_0.3125V/E,WS,0.35697155256915153
124,9.026699873390632,-0.13460433885193962,0.08811787201147826,0.03168654900371598,176N_0.3125V/E,WS,0.26958801259457876
125,8.433320234965084,0.08839219058064238,0.1445500325348719,0.031747834074229576,176N_0.3125V/E,WS,0.27975768251213745
126,7.211855950933819,0.31073428571760314,0.28969582565787705,0.03820180220043845,176N_0.3125V/E,WS,0.3592867140410811
127,4.7147025891640535,0.5964506412850223,0.39269959813561117,0.03875200974788907,176N_0.3125V/E,WS,0.38156480883493116
128,1.6321262927893412,0.8564813797439996,0.27692944926043217,0.019987653133999618,176N_0.3125V/E,WS,0.20270760497111598
129,0.7951450462742573,0.9217987140780911,0.13441859790378496,0.008497331638581285,176N_0.3125V/E,WS,0.08093747177717774
130,4.136682205423184,-0.7312345577987092,0.8103918383463226,0.060599938405053025,176N_0.375V/E,WS,0.6381906964408152
131,4.67814635653324,-0.682008003610469,0.7057545153466208,0.062476410094826525,176N_0.375V/E,WS,0.6362035043108267
132,5.863850794488203,-0.5763126763035983,0.4704418697550339,0.05212943123391094,176N_0.375V/E,WS,0.508255592205036
133,6.702971204347838,-0.4560825213544778,0.3749939492609089,0.05960076587242779,176N_0.375V/E,WS,0.5552658440185556
134,7.310428249979391,-0.28814421672690005,0.22939233218552713,0.05691984818336533,176N_0.375V/E,WS,0.5076419056900117
135,7.398591304872563,-0.08505943114116617,0.29395265756592376,0.032556600885861035,176N_0.375V/E,WS,0.31216193813092796
136,6.281996561285554,0.16838029166563762,0.33375507100071716,0.04498982270969639,176N_0.375V/E,WS,0.4243611174752884
137,4.228686570712515,0.4492144810761549,0.39605951622629304,0.03718398011925407,176N_0.375V/E,WS,0.36884764418815186
138,1.3809451755474615,0.7245244501234158,0.34283183565230807,0.028714899092958015,176N_0.375V/E,WS,0.28795553698612875
139,0.506575735684251,0.7993309520072,0.20403258217209805,0.016624172061046483,176N_0.375V/E,WS,0.16173064357223624
140,10.74388572549347,-0.46670579446604776,0.867467711190497,0.05045063091773182,500N_0.125V/E,WS,0.5619182475874548
141,11.999251008712742,-0.38040561895126684,0.24028860275344258,0.01850204397216225,500N_0.125V/E,WS,0.1838487688238204
142,13.218767010780686,-0.2609984765579679,0.15442143758948307,0.021856440431076,500N_0.125V/E,WS,0.19759929967921322
143,13.668724581173347,-0.15985904433741022,0.08051843606792174,0.01719657419867169,500N_0.125V/E,WS,0.14546120783120392
144,13.569350037350343,-0.008954795473770327,0.0908629912799328,0.017034758897478262,500N_0.125V/E,WS,0.1458585163441768
145,12.348703316953335,0.17704850461104307,0.09662291019333764,0.011092065003910042,500N_0.125V/E,WS,0.09646901834427613
146,9.96622807433955,0.399640133700015,0.18964073898911335,0.014244182939289016,500N_0.125V/E,WS,0.13909509892404412
147,6.088534736975068,0.6608263666674102,0.10570785046231258,0.006012147653594863,500N_0.125V/E,WS,0.054961618760929754
148,2.128258092182345,0.8905749019135565,0.08706682895888647,0.0051325088232983635,500N_0.125V/E,WS,0.044317473048130024
149,0.9510820423363497,0.9559244999367846,0.033682678645546305,0.001819493731998485,500N_0.125V/E,WS,0.007105066590968864
150,11.355791336703462,-0.6019836449949028,0.9163959554471786,0.03760440815901747,500N_0.1875V/E,WS,0.4613915552351504
151,14.046161714834403,-0.47511312706826353,0.6634386286510878,0.0332361956379093,500N_0.1875V/E,WS,0.3811065644216587
152,15.491317340286898,-0.3844233881565639,0.4141636916537605,0.02874836633798513,500N_0.1875V/E,WS,0.3004373238712674
153,16.88092682363675,-0.25181895888529715,0.22239756417184797,0.023792360095641882,500N_0.1875V/E,WS,0.22563377135320228
154,17.215193818062136,-0.09424257196300534,0.07463067900949745,0.022736164189212257,500N_0.1875V/E,WS,0.1914118513943936
155,16.273886196037623,0.09242680550412903,0.15067562250518887,0.013511835188352351,500N_0.1875V/E,WS,0.12622397721619183
156,13.214625518684187,0.33785646687957743,0.20495446091343492,0.013805241011599727,500N_0.1875V/E,WS,0.13799303806492175
157,7.895992418664773,0.6307680705197967,0.3958476328422236,0.018164017631451396,500N_0.1875V/E,WS,0.2075847706838529
158,2.566333208994468,0.8758004704967238,0.14852700861306153,0.005992815075222748,500N_0.1875V/E,WS,0.06212002680528382
159,0.8143815727986297,0.9504097183956454,0.0563697854469318,0.002393177790092236,500N_0.1875V/E,WS,0.015847623781762427
160,13.508257274706978,-0.6312690448793319,1.0259497146671432,0.031894604824561155,500N_0.25V/E,WS,0.43172545448630906
161,16.8242864645676,-0.5164222546391211,0.9232967465919946,0.037604897009412955,500N_0.25V/E,WS,0.4625757679795547
162,19.237874577260037,-0.4093663092778727,0.5844721315774601,0.028909378058787724,500N_0.25V/E,WS,0.33092574586482393
163,21.007982506734105,-0.29504019795249636,0.3421325585138817,0.026872630330568033,500N_0.25V/E,WS,0.2722195855220871
164,22.070858705856022,-0.11360772725219721,0.22029306965322717,0.02652773742400375,500N_0.25V/E,WS,0.2484608834275
165,21.207855668764466,0.08841707650869005,0.22191309312188015,0.01717349841421982,500N_0.25V/E,WS,0.16944477634040828
166,17.345039805783138,0.35297863626578607,0.47844025913324817,0.02409404473644722,500N_0.25V/E,WS,0.2719756116747803
167,10.566543867718114,0.6472174117468794,0.44344091749721154,0.016573143590249223,500N_0.25V/E,WS,0.20223808182159198
168,3.230910826606735,0.9018452468718221,0.24404887278899448,0.007634858606081515,500N_0.25V/E,WS,0.09237385205261747
169,0.9011685552608023,0.9750378470496116,0.10744494462418258,0.0026198875984653706,500N_0.25V/E,WS,0.02650347732974077
170,12.997890889473101,-0.6966223418457267,1.930590406052534,0.04888561852161307,500N_0.3125V/E,WS,0.7304512566116947
171,15.624224110212106,-0.6207389310527147,0.6601485797340576,0.019277620450189704,500N_0.3125V/E,WS,0.26222120444465635
172,18.342829759324054,-0.5205442841586738,1.2073491094481177,0.043775973930873416,500N_0.3125V/E,WS,0.5634605138926334
173,21.727651551398104,-0.3690169165576159,0.7064283095287036,0.03573598217811134,500N_0.3125V/E,WS,0.40964796619080085
174,23.580678935283164,-0.18210537868075236,0.3349645387034013,0.033880141882134514,500N_0.3125V/E,WS,0.33039443821460784
175,23.05825595447833,0.05164348695910594,0.36048989770596146,0.02585292283079363,500N_0.3125V/E,WS,0.26671501871959585
176,19.56946905588883,0.29350626939779645,0.5941189244385762,0.025139676789279936,500N_0.3125V/E,WS,0.30062074303297276
177,11.734216584428182,0.6159382932425929,0.6980574329383628,0.023757444311814816,500N_0.3125V/E,WS,0.30667795524255587
178,3.5359141447666493,0.870182129949457,0.24273126432753384,0.006407288774483087,500N_0.3125V/E,WS,0.08174278536698085
179,0.8579118077809905,0.9444251904183766,0.13983122775756088,0.004049352997800723,500N_0.3125V/E,WS,0.04415884821519806
180,9.244333901895985,-0.7817880311555326,0.9869921634592331,0.026926632925405373,500N_0.375V/E,WS,0.38295148355875774
181,11.197511540208902,-0.7264018766977768,1.2468531970808787,0.03720247569839663,500N_0.375V/E,WS,0.5144942898637409
182,14.15276847654251,-0.615550069970042,1.2779781994698627,0.04715281212000346,500N_0.375V/E,WS,0.6041628987196743
183,17.09595050792361,-0.4855594005236532,0.9325458842176425,0.0478537154667296,500N_0.375V/E,WS,0.5510336420166038
184,19.109879132967688,-0.34516128765123105,0.474249827859664,0.04136024234916522,500N_0.375V/E,WS,0.41761951774020106
185,19.432240006477898,-0.10885162970718654,0.28922826803767193,0.03201493434568052,500N_0.375V/E,WS,0.3067624962029512
186,17.019584732360823,0.15165964980815555,0.8286310353148327,0.0411799655835396,500N_0.375V/E,WS,0.47669227734960506
187,10.709865802697438,0.4523405927874579,0.856182971217811,0.029866370663188424,500N_0.375V/E,WS,0.38550176855488805
188,3.330975550283707,0.717857939202311,0.48252312455230617,0.013195594039185674,500N_0.375V/E,WS,0.1802908332483848
189,0.5624945087669394,0.8008979073544961,0.26474901116429905,0.008325586647851966,500N_0.375V/E,WS,0.10176877546492342
190,20.1805227477113,-0.4943683241672499,0.637628308815873,0.019753168158578215,1000N_0.125V/E,WS,0.26240120677968826
191,22.499369958162752,-0.41234133212617596,0.41484057065532387,0.01638780996508858,1000N_0.125V/E,WS,0.19577626443215207
192,24.61946618806859,-0.31421133575753135,0.26386606845993715,0.013437950993915959,1000N_0.125V/E,WS,0.14495380024903087
193,26.08631252724184,-0.18478136127499978,0.09037287230072479,0.010589813363312356,1000N_0.125V/E,WS,0.09114279165084965
194,25.95303717665463,-0.03288323788405091,0.0982576866622678,0.014957085829031746,1000N_0.125V/E,WS,0.12951122039035573
195,23.839702661363198,0.1555418091497901,0.1679001281545448,0.008508724121592239,1000N_0.125V/E,WS,0.08675954729102653
196,18.881122615938317,0.38918506371449046,0.1975952680468448,0.007338668511998846,1000N_0.125V/E,WS,0.08191934283472127
197,11.373369924268555,0.6665792365070365,0.26048961705414075,0.008632532087494087,1000N_0.125V/E,WS,0.10364228473806927
198,3.456179754215092,0.9090442497715557,0.15201447472984506,0.004305664267368921,1000N_0.125V/E,WS,0.04841491821336731
199,0.9306478134549648,0.9795482953899324,0.04863631567815753,0.0013216309088018364,1000N_0.125V/E,WS,0.005441974320907979
200,22.200389054990893,-0.6074042902406926,0.9709700024482544,0.021591777095724043,1000N_0.1875V/E,WS,0.3349896086715858
201,26.253323663814818,-0.5084005025138506,0.5001918821580603,0.013493883043687609,1000N_0.1875V/E,WS,0.18584078522786845
202,29.741416045264167,-0.4090749774716982,0.6461052964536893,0.022522766971819676,1000N_0.1875V/E,WS,0.2873278893352602
203,32.562424371027866,-0.27577601277851854,0.23014805589087547,0.013802743084765255,1000N_0.1875V/E,WS,0.14228009134426378
204,33.57416092268623,-0.11450096714198402,0.09337652010728041,0.01479658745523147,1000N_0.1875V/E,WS,0.12731601951591145
205,31.682370299851478,0.08962405547540506,0.3411980286025164,0.017234648989124923,1000N_0.1875V/E,WS,0.19036143688398358
206,25.805550100105137,0.3393263083812142,0.3996549597503911,0.01240425782974202,1000N_0.1875V/E,WS,0.15941204855185165
207,15.532898617266378,0.6296704180824372,0.38434456100576353,0.009497499985871584,1000N_0.1875V/E,WS,0.13215416255599072
208,4.622707089626244,0.8775734082527453,0.2832601144174963,0.005830770369929323,1000N_0.1875V/E,WS,0.08378643883881105
209,0.8500482268679374,0.9581572747788047,0.08872278523352732,0.0014944797913541313,1000N_0.1875V/E,WS,0.01376214514983339
210,25.025947212178856,-0.653680675697556,2.1782672456078034,0.03430388012105675,1000N_0.25V/E,WS,0.64920008547018
211,31.10404575845835,-0.5499749252652901,1.2074727266584997,0.021694443311073425,1000N_0.25V/E,WS,0.3763029980168186
212,35.041163206251355,-0.46454180654928834,0.8601670669686549,0.017324032978558786,1000N_0.25V/E,WS,0.27986535245700855
213,40.165968106467986,-0.3077859241421944,0.4798115495684236,0.02055165173324977,1000N_0.25V/E,WS,0.24218228308153172
214,42.601006105967166,-0.14018943422067803,0.30631604504452037,0.02331929716981019,1000N_0.25V/E,WS,0.23597422479513738
215,40.779228633811314,0.07900544109526404,0.5016328069772532,0.017539970062318038,1000N_0.25V/E,WS,0.2203846826842044
216,33.881112253356505,0.33559883008632596,0.7672112899032516,0.021784961564955515,1000N_0.25V/E,WS,0.30178344426688863
217,20.498515054728205,0.6423527703855104,0.6574470141437786,0.012138212777667069,1000N_0.25V/E,WS,0.20124055985766157
218,5.925180071827283,0.904796733119053,0.5200742212326489,0.007743143500030978,1000N_0.25V/E,WS,0.14049343056639096
219,0.9300432025480456,0.9848343672815784,0.10767212216200733,0.0019007788536517852,1000N_0.25V/E,WS,0.02044665199517947
220,23.512712650359568,-0.723264770380229,1.3859766916049565,0.017678836782896765,1000N_0.3125V/E,WS,0.3727889274871172
221,29.166125818981833,-0.6393913428825204,1.6122443545983118,0.023388490193431567,1000N_0.3125V/E,WS,0.45988085653189154
222,35.8442609728868,-0.5228098783931883,1.598786602566942,0.030510924150119252,1000N_0.3125V/E,WS,0.5179542978772244
223,41.748673518906934,-0.3778766313320656,1.0761555517770738,0.029886290493875842,1000N_0.3125V/E,WS,0.423287005988951
224,45.38261245755031,-0.2082526903294009,0.5117140956092738,0.02370671727118178,1000N_0.3125V/E,WS,0.27438233854813077
225,44.829085947992965,0.013957597639026214,0.5052896656162174,0.017597272059428487,1000N_0.3125V/E,WS,0.22149575553957174
226,38.39258180901869,0.27479162820579295,1.0100139518261135,0.025160830538800097,1000N_0.3125V/E,WS,0.37192013288132525
227,23.065722735708146,0.602777156902117,0.9081827112692906,0.014469639176734701,1000N_0.3125V/E,WS,0.2638804029332338
228,6.934603285826891,0.8610842044511567,0.42395731245327367,0.005830045564879663,1000N_0.3125V/E,WS,0.10784020115150261
229,0.8628806298654743,0.9480625469343217,0.12782922393622503,0.0021185609724733564,1000N_0.3125V/E,WS,0.02573968970509978
230,14.707020551458069,-0.8275861050391973,1.8655442653027305,0.02502057259156057,1000N_0.375V/E,WS,0.5170310587544986
231,20.207548568577316,-0.7487330549402674,1.3478061864329733,0.020376677590162047,1000N_0.375V/E,WS,0.3891303899697644
232,25.422651704435907,-0.656939250948327,1.2841808884482218,0.02142689668159512,1000N_0.375V/E,WS,0.38715255310380614
233,31.28150853323809,-0.5264249817909405,1.4040694635316997,0.033983608030073074,1000N_0.375V/E,WS,0.5140936406920729
234,35.99852170447705,-0.3590138551076623,0.4640099239809626,0.017652567934375397,1000N_0.375V/E,WS,0.21490544552993557
235,37.35881290350261,-0.1345966999623545,0.6735677942193721,0.022786832610841194,1000N_0.375V/E,WS,0.29426251716643437
236,33.367528664752534,0.11990031693747841,0.9237251772113669,0.024071537179946187,1000N_0.375V/E,WS,0.3479307119261664
237,21.581012294958988,0.4317228546733304,1.2705591333249582,0.026433754141077678,1000N_0.375V/E,WS,0.4272648279914727
238,5.841282493637799,0.715642311954847,0.628839082769457,0.009900946046962596,1000N_0.375V/E,WS,0.1773838107005497
239,0.5092991227839262,0.80150275618231,0.4049546887585812,0.005314275081381732,1000N_0.375V/E,WS,0.10021862489750104
240,2.8468256190280385,-0.28421448880936145,0.10599950528644536,0.040954091406884066,100N_0.125V/E,geom,0.35120409629510285
241,3.5974499592911973,-0.3858548256318718,0.15700530582944022,0.045211982078501946,100N_0.1875V/E,geom,0.3960192263666653
242,4.082763431860609,-0.4789293640838935,0.27647910868560566,0.06819539339109679,100N_0.25V/E,geom,0.6112734616613215
243,4.221647033305841,-0.5746664811062019,0.4251443436305779,0.08644589104097279,100N_0.3125V/E,geom,0.7914000538509637
244,4.451212050095453,-0.7790919382988644,0.5976637925262714,0.09667995181441058,100N_0.375V/E,geom,0.9076528499332384
245,3.952779902334298,-0.3684303044712785,0.11543757915150082,0.028093248510878008,176N_0.125V/E,geom,0.24380046181553994
246,4.985131565207503,-0.4693610983678599,0.160476979438901,0.036797763276271864,176N_0.1875V/E,geom,0.3252880359152185
247,5.57384653741472,-0.5632910871678166,0.36702524774754985,0.04968322880558497,176N_0.25V/E,geom,0.4698351059236231
248,5.911254425272897,-0.6542496185014565,0.671308877434419,0.05726842575933475,176N_0.3125V/E,geom,0.5861665775478849
249,6.344853211334131,-0.8324364615880374,0.8927791594775608,0.0742302669271914,176N_0.375V/E,geom,0.7678196246329555
250,7.425199752125719,-0.5039627874171388,0.126396650014628,0.015012456939079502,500N_0.125V/E,geom,0.13479248485362114
251,9.680344371698533,-0.5791910862878733,0.23189713826641745,0.01902581401354564,500N_0.1875V/E,geom,0.18685363245272785
252,12.268535589623637,-0.6277334549460565,0.33640095697440203,0.021341455097622627,500N_0.25V/E,geom,0.2243533044655358
253,14.651459878613172,-0.7041663467831231,0.6633291552314383,0.030048362961791315,500N_0.3125V/E,geom,0.35406552183910023
254,17.75182856171299,-0.9051570024577881,1.0490146570131842,0.03382966634501215,500N_0.375V/E,geom,0.4520726206346222
255,11.990654701575961,-0.5595612866002315,0.1539799440451939,0.009803170180325149,1000N_0.125V/E,geom,0.0953517673678747
256,17.33200809692995,-0.6093686119214595,0.2546073476173932,0.011785933051672982,1000N_0.1875V/E,geom,0.1293668425855465
257,23.519868927113865,-0.6359032715134189,0.34208450382566563,0.013092065899580875,1000N_0.25V/E,geom,0.15539756729743792
258,30.756832661716054,-0.6917764221251173,0.4784139067485905,0.013926399824703433,1000N_0.3125V/E,geom,0.18578296316750503
259,40.23004480481318,-0.8801348505253906,0.6421080570187625,0.01851258230935509,1000N_0.375V/E,geom,0.2526511833638302
260,2.987813439562072,-0.0954673487260316,0.1182801971498255,0.03339464219309714,100N_0.125V/E,geom3d,0.28922492183898857
261,3.891223223256424,-0.16281221816414362,0.1907623306528282,0.04305583391551637,100N_0.1875V/E,geom3d,0.3835148068245874
262,4.905449031249226,-0.20099803052317625,0.2869857779491448,0.06050895200364071,100N_0.25V/E,geom3d,0.5479144453093726
263,5.959166076839831,-0.24921908758752373,0.4296838654745954,0.06776192047754591,100N_0.3125V/E,geom3d,0.6337977987299895
264,7.075293865603307,-0.41061523278566037,0.6431234039603537,0.09204641963307522,100N_0.375V/E,geom3d,0.8761495724001309
265,4.377291434282543,-0.14023344449627248,0.12477957900864892,0.027306435370910136,176N_0.125V/E,geom3d,0.2387284052113615
266,6.339865643941093,-0.16833713912759254,0.19833603839297628,0.03673442164650813,176N_0.1875V/E,geom3d,0.33122519101999554
267,8.092074091627328,-0.19793714011667987,0.3334443834481912,0.04288633541793409,176N_0.25V/E,geom3d,0.4064773439071209
268,9.72596738273954,-0.2666850223482173,0.5299319843038045,0.049532172948644274,176N_0.3125V/E,geom3d,0.4964124953066299
269,11.26689408140871,-0.45691989848977316,0.8073352185915739,0.07029560966255857,176N_0.375V/E,geom3d,0.7198553595318605
270,10.380846325454531,-0.17160208780876093,0.15570541416087857,0.013117209320254656,500N_0.125V/E,geom3d,0.12373896841500279
271,13.072782103897621,-0.2652184465143714,0.262836044406,0.02119880039138832,500N_0.1875V/E,geom3d,0.21056410396256847
272,14.871509416128445,-0.3441760306733641,0.504781574208831,0.031908541536258626,500N_0.25V/E,geom3d,0.3427213010055782
273,15.021768740546957,-0.4340998423952026,0.8465087404514215,0.041044372524091016,500N_0.3125V/E,geom3d,0.4786000694456166
274,14.335023524091467,-0.6024261527721368,1.524727615376399,0.06295543928133786,500N_0.375V/E,geom3d,0.7803124838925231
275,15.07886802427442,-0.27988828371796054,0.19234403000303626,0.01142738242035159,1000N_0.125V/E,geom3d,0.11568018347541789
276,17.873813991927662,-0.37941191202225055,0.37951206617801353,0.0176568017807485,1000N_0.1875V/E,geom3d,0.2004917892864298
277,18.370504446613356,-0.44544215504426016,0.6837808492862997,0.025067331922148484,1000N_0.25V/E,geom3d,0.31534012276283907
278,16.372334480618775,-0.5131341151522902,1.6062513810268528,0.036956318048383084,1000N_0.3125V/E,geom3d,0.5738665239697798
279,18.92865848674543,-0.6004961384342902,4.314600959237242,0.06301701360066012,1000N_0.375V/E,geom3d,1.2579163640332673
280,1.4593810800381928,0.6266069100486651,0.07021655784189215,0.015586011042695386,100N_0.125V/E,power,0.1300472652312549
281,1.6179018713807438,0.5940889721367076,0.0906974211862284,0.019880337158020074,100N_0.125V/E,power,0.16995133490316985
282,1.8208539367258525,0.5534092615468215,0.14126314586753627,0.02455021078545183,100N_0.125V/E,power,0.218183468474519
283,1.8819077174970953,0.5358436427574336,0.08613278908911297,0.016129563945374126,100N_0.125V/E,power,0.1373765567557075
284,2.0264532029619735,0.5038602394652169,0.12958585277327178,0.024671274270564963,100N_0.125V/E,power,0.2172128141053403
285,2.008304148689964,0.5022931488151703,0.08851289129467871,0.01844962758749229,100N_0.125V/E,power,0.1574500644762254
286,2.133700341413733,0.46684862631390595,0.1074397879871249,0.014226005018602206,100N_0.125V/E,power,0.12488424696050208
287,2.2698291867658256,0.42083372870344826,0.10903956041415452,0.023405227822087385,100N_0.125V/E,power,0.20296739381047244
288,2.56134257833064,0.337878254116618,0.1571372463720813,0.031680806574084515,100N_0.125V/E,power,0.2813419849482321
289,3.179560483084539,0.16540796514356043,0.23820042840216327,0.04123293337752281,100N_0.125V/E,power,0.37617475972262915
290,1.7467832988132854,0.697320589467586,0.1992704188793694,0.025974244605778005,100N_0.1875V/E,power,0.24017411154087592
291,2.1779822933653206,0.6323846776453884,0.12136561291065463,0.0160850916469883,100N_0.1875V/E,power,0.14302456264378083
292,2.5357934834401035,0.5801073756844385,0.19717969184015735,0.015710745647751927,100N_0.1875V/E,power,0.15281591829002397
293,2.856162304301381,0.5371099506979651,0.2741631439989099,0.034473195320764566,100N_0.1875V/E,power,0.3250242434872173
294,3.0376553389465966,0.4962080715238387,0.20288861316913695,0.02482848682375707,100N_0.1875V/E,power,0.23108058790624347
295,3.1902354176269374,0.4666541395751126,0.22989895053244977,0.023544923195633904,100N_0.1875V/E,power,0.22481909497540126
296,3.5939885890869747,0.39733454039889704,0.21788223098156767,0.030266948580104813,100N_0.1875V/E,power,0.27974481393207146
297,3.663252558555191,0.3696036741823597,0.21223300582495416,0.02471949177021257,100N_0.1875V/E,power,0.23175460548849902
298,3.9784610393857824,0.301685313947963,0.11277055738264102,0.0278960062108613,100N_0.1875V/E,power,0.24167242300609038
299,4.453107555483808,0.19124555313309693,0.17997248980932418,0.028420535828993544,100N_0.1875V/E,power,0.2576105644706788
300,2.179335242592786,0.7625247664650192,0.22394621148161392,0.019379364757480037,100N_0.25V/E,power,0.18849093114285786
301,2.636458295199245,0.704588754067675,0.3765110823221381,0.039442534044888275,100N_0.25V/E,power,0.3846498655927499
302,3.0803717517243667,0.6539001148500037,0.227223775572611,0.023660423049297462,100N_0.25V/E,power,0.22534068539005253
303,3.3906541376582147,0.6036245556675708,0.17875026877270983,0.018550178923810067,100N_0.25V/E,power,0.17373343978774164
304,4.085270284237331,0.5228483611615433,0.315334376420978,0.038416645109553484,100N_0.25V/E,power,0.3654921914129101
305,4.463788098171171,0.4667641495829563,0.23060070932960652,0.02278855603043705,100N_0.25V/E,power,0.2185275966523768
306,4.862109163783679,0.4156342517265671,0.3004894674217341,0.028562125214853715,100N_0.25V/E,power,0.2794197664156004
307,5.497651596523921,0.3073039824204598,0.32849766797974733,0.0329739164720506,100N_0.25V/E,power,0.3216067649569234
308,6.075559842771852,0.22357445500870793,0.35334752132996744,0.04815530138604934,100N_0.25V/E,power,0.4545443557249643
309,6.615067112102238,0.10477054233186052,0.3146774385796076,0.0533310931062985,100N_0.25V/E,power,0.4918052507182278
310,2.363433150590517,0.7891739241651442,0.2955305231583039,0.021453028375487924,100N_0.3125V/E,power,0.2183100351163039
311,3.485885520051937,0.6848349675388865,0.5007690498794981,0.03679088951885601,100N_0.3125V/E,power,0.383421370873482
312,3.712713752331731,0.6457771755103523,0.4284149085884238,0.038212786185004004,100N_0.3125V/E,power,0.3831014610078724
313,4.789738838571823,0.5287639549261516,0.7116675861511405,0.05101805811669185,100N_0.3125V/E,power,0.5400855810718094
314,5.368959017276474,0.46301705511284136,0.5069627979781459,0.05014029262890483,100N_0.3125V/E,power,0.4976395046210923
315,6.207890298244768,0.356665895356961,0.32216497049065174,0.04151156652950175,100N_0.3125V/E,power,0.3928949969158259
316,7.204058467547066,0.2684108511668697,0.8026728007660807,0.07434118425714817,100N_0.3125V/E,power,0.7533512119952217
317,7.674160729782355,0.16393437103098182,0.4134068791227871,0.0696142045017207,100N_0.3125V/E,power,0.6467156228721793
318,8.376518101173952,0.07734645374010492,0.4920397345930375,0.045930157472143095,100N_0.3125V/E,power,0.4593995078661727
319,9.268410880017814,-0.05508919282589462,0.5863726764430625,0.06538771183540816,100N_0.3125V/E,power,0.6404668787927837
320,2.638336537761487,0.7025482856765259,0.8752965984817417,0.060382708390373054,100N_0.375V/E,power,0.6474483315222265
321,3.663877619379843,0.572810605132643,0.9017893894528203,0.09082843518785655,100N_0.375V/E,power,0.9100582193015793
322,4.943673849445557,0.4376718848359428,0.9755471173067028,0.08400235242879424,100N_0.375V/E,power,0.8648084497091203
323,6.457168643746068,0.28457311632042454,0.6781764622640247,0.06587894783494268,100N_0.375V/E,power,0.6603298368015391
324,8.602911984025834,0.08944941201529652,0.8031276156645901,0.06456621255968295,100N_0.375V/E,power,0.6705694210409909
325,8.569950316625619,0.03337161674483908,0.8616582247392404,0.06173089240857446,100N_0.375V/E,power,0.6565442634571289
326,10.073361698959031,-0.10906683248024136,1.0703721983767895,0.07694899872852438,100N_0.375V/E,power,0.8212347910728087
327,11.087945483477652,-0.28544325315166413,0.5922602222791361,0.08062264632195322,100N_0.375V/E,power,0.770615746612596
328,12.24230214751806,-0.4167856824654339,0.6873119086786454,0.0390457019782532,100N_0.375V/E,power,0.4344344919955074
329,13.418090015958805,-0.5794276599657237,0.8939611535270332,0.03910690034457041,100N_0.375V/E,power,0.47029128015114297
330,1.8209445985462458,0.7495716013627485,0.1502517550426815,0.016030323465749983,176N_0.125V/E,power,0.14749997986749042
331,2.165580138797601,0.7125317729110039,0.10309460360089735,0.010942806831453418,176N_0.125V/E,power,0.09631049171727837
332,2.567132986051887,0.6705491916171338,0.11414965762125194,0.010635544818602665,176N_0.125V/E,power,0.09559638989573602
333,2.767263555805844,0.6458058847918069,0.11200703270139532,0.009634713222714713,176N_0.125V/E,power,0.08674623486218005
334,2.9047169103615507,0.6274644790431549,0.14111192643894194,0.010918758706197641,176N_0.125V/E,power,0.10260779022384613
335,3.0876475281973215,0.5974478557500598,0.11031439044739476,0.009680923311447868,176N_0.125V/E,power,0.08684849415240106
336,3.1864908950539714,0.57035880597745,0.10638726944274421,0.008638398868949997,176N_0.125V/E,power,0.0773397635696138
337,3.4879016378259484,0.5233445810299062,0.10511846712775863,0.010754877856483788,176N_0.125V/E,power,0.0950635634684444
338,3.7963867597171124,0.4545238274785439,0.14408243600024562,0.01671086885690288,176N_0.125V/E,power,0.15221377982535655
339,5.254742712485259,0.21460351890806678,0.2158239634757166,0.02770158762077266,176N_0.125V/E,power,0.257647028139922
340,2.239842501408819,0.8031284306030766,0.13761927789674613,0.011429084588580279,176N_0.1875V/E,power,0.10633641305343841
341,2.725937079040927,0.7605844873370664,0.15592255556453027,0.011690560247428683,176N_0.1875V/E,power,0.11168281512673668
342,3.531627457410827,0.697668320032667,0.31668073553285764,0.01965741806001256,176N_0.1875V/E,power,0.20670596276117525
343,4.246509345407773,0.6497842403377344,0.17735938883940075,0.009152679626171252,176N_0.1875V/E,power,0.0938357487862708
344,4.679364236355505,0.6038622754964204,0.28063919515197605,0.013631046176910466,176N_0.1875V/E,power,0.14945889782443772
345,5.128931462538115,0.5588268354459303,0.16398445427316743,0.01397633857367735,176N_0.1875V/E,power,0.13243731116696586
346,5.794528285861117,0.5024541301395841,0.25753407217663604,0.011259898430703302,176N_0.1875V/E,power,0.12540828563084502
347,6.111991966472592,0.4415314169999494,0.1612094864334726,0.011249381201903712,176N_0.1875V/E,power,0.10884716076010922
348,6.698377505067067,0.3593182157412678,0.22348390880463107,0.03331948693984193,176N_0.1875V/E,power,0.3065782000064523
349,7.236654113871007,0.23766935463236863,0.16453300495149403,0.02956788156205713,176N_0.1875V/E,power,0.2646960504255864
350,2.6668418322579037,0.8712749637748971,0.4846597257078165,0.021038645812711435,176N_0.25V/E,power,0.24713945071770116
351,3.5567687749458288,0.805384389055812,0.3618980624225865,0.02113507465723762,176N_0.25V/E,power,0.2269640072778979
352,4.45067761376851,0.7420893991725369,0.5974275966961635,0.03239341139136765,176N_0.25V/E,power,0.3626743216491631
353,5.501461841705245,0.678162053926209,0.38718611473375886,0.01949529794460791,176N_0.25V/E,power,0.21738848142988768
354,6.498121476039809,0.6085125001777663,0.5184903222001093,0.02646564433805695,176N_0.25V/E,power,0.29892772141717106
355,7.209453552406158,0.5476093705167958,0.3858591710154326,0.01958288525791975,176N_0.25V/E,power,0.21790401954141295
356,8.199678683228075,0.471404534424817,0.4253711283801662,0.027845205474375776,176N_0.25V/E,power,0.2946980205493113
357,9.09162190504858,0.37831281182704146,0.47849722400562833,0.0395365955424445,176N_0.25V/E,power,0.4028873243589868
358,10.046825742649135,0.2940077492256964,0.4450183121721034,0.03511137556385226,176N_0.25V/E,power,0.35965097620843056
359,11.326585774624478,0.13950612968559156,0.49151158203193923,0.048365447407859224,176N_0.25V/E,power,0.47995242933052623
360,2.862772642371994,0.8897255852156896,0.4858145051594991,0.023320231987218918,176N_0.3125V/E,power,0.2666772600767857
361,4.6357310214789615,0.8003903986860443,0.46376718971229336,0.026910743309907604,176N_0.3125V/E,power,0.29334277254297675
362,6.238527846771475,0.7002467107581708,0.35433024437625693,0.025490159283962446,176N_0.3125V/E,power,0.26258664786343744
363,7.94791533709382,0.6239316054805071,0.5196355359656812,0.01649176341686374,176N_0.3125V/E,power,0.21457789691482748
364,8.874646189989875,0.5436194647964332,0.9276010837867892,0.031571228941587884,176N_0.3125V/E,power,0.41216619703697965
365,10.746809199937335,0.42439916830747854,0.6688677849646335,0.04083413467829648,176N_0.3125V/E,power,0.44644047615466
366,11.943314176331361,0.34785191267245774,0.6834036070326124,0.032545382671215525,176N_0.3125V/E,power,0.37866485419177665
367,13.500432280128953,0.23002058515140572,0.8035611735992146,0.05650897426162564,176N_0.3125V/E,power,0.6023447169833471
368,14.665555416988372,0.08115964513624854,0.3313261535127691,0.0399741684607185,176N_0.3125V/E,power,0.38142953157699144
369,16.27562684996881,-0.04953364271538348,0.8673638118417771,0.04389607429781598,176N_0.3125V/E,power,0.5063394273249677
370,2.9410197082692884,0.8293836616896575,0.8708276956307691,0.042533169526032644,176N_0.375V/E,power,0.49537882453468796
371,5.71353737520884,0.6548790528354839,0.7165009123729079,0.037454100942820125,176N_0.375V/E,power,0.42593441891551026
372,8.361078333011031,0.5362972105597736,0.8339352297714613,0.02192557663377767,176N_0.375V/E,power,0.3143855157044422
373,10.892742352003093,0.36112096865279203,1.5437894108362848,0.07930699367886507,176N_0.375V/E,power,0.9221794718788048
374,13.305438616562759,0.2100111441649885,1.452650373287709,0.08369728275856901,176N_0.375V/E,power,0.9438094446279586
375,16.3386908294841,0.03575557047099387,1.4972666044321747,0.05920861397389594,176N_0.375V/E,power,0.7438557786560528
376,18.865799476340328,-0.12811635014092254,1.537890597087583,0.08062103487231151,176N_0.375V/E,power,0.9323094875701177
377,19.05256507708474,-0.20757653327581166,0.7502452325283481,0.06165935397044126,176N_0.375V/E,power,0.6368856886927929
378,22.65905924912824,-0.41360108978384025,1.6843671844269301,0.037740471643473286,176N_0.375V/E,power,0.5938717468013415
379,24.658751714165057,-0.581115995130294,0.9115634416222227,0.03746589885462327,176N_0.375V/E,power,0.45939106910299987
380,2.7647570976310485,0.9051600551129084,0.17168412040019446,0.004619405936434528,500N_0.125V/E,power,0.05443801950201901
381,3.649221090133895,0.8741064687566436,0.121841754754131,0.004593637150205676,500N_0.125V/E,power,0.045696297730035175
382,4.726789502364573,0.8394166715671748,0.16827960415170223,0.004789399367057112,500N_0.125V/E,power,0.05529681506351849
383,5.712114176899703,0.8069122240388561,0.21119385607785904,0.005189195070050652,500N_0.125V/E,power,0.06602431205052461
384,6.374731618031856,0.7742194224238707,0.18252699716009968,0.005330482998576422,500N_0.125V/E,power,0.062319795832378025
385,6.833501055111588,0.747562599000439,0.21645099668431678,0.0058108003113456555,500N_0.125V/E,power,0.07219247391872546
386,7.2718909768169295,0.7167472837554937,0.17246174187578625,0.0037320770070473188,500N_0.125V/E,power,0.04704936962355334
387,7.939857259957099,0.6696509657065077,0.21248575146638116,0.00834053923351316,500N_0.125V/E,power,0.0929582521360783
388,9.045109593708517,0.5955429060396459,0.23628235724912808,0.012027219840591649,500N_0.125V/E,power,0.12827849726381238
389,11.739461068164918,0.37742477492115095,0.4432238789336864,0.033161249714441045,500N_0.125V/E,power,0.3428134748412705
390,3.3479504845321038,0.9375592144162528,0.3362613382382766,0.006010643096202443,500N_0.1875V/E,power,0.09437463462352465
391,5.2111902233198775,0.8847168233571961,0.5116496035361051,0.010844482730562563,500N_0.1875V/E,power,0.16534192243826076
392,7.190933644469199,0.8366656745235345,0.31911324604525954,0.00648941786486412,500N_0.1875V/E,power,0.09550066053412354
393,9.014302219657564,0.7871245224323384,0.46422910729721667,0.009504008537299722,500N_0.1875V/E,power,0.1458699802109205
394,10.789397935507939,0.7363621358383273,0.2859290636947063,0.004522986282003669,500N_0.1875V/E,power,0.07315714023583547
395,12.64512872657151,0.6741442853536534,0.4033918749600464,0.006557545732511281,500N_0.1875V/E,power,0.11049021658426786
396,14.414472451491449,0.6156420525816985,0.35622483403142313,0.007598947740185899,500N_0.1875V/E,power,0.11125208201996623
397,15.739090893150328,0.5472277518932518,0.37900329550802697,0.010160303448478864,500N_0.1875V/E,power,0.13685917058213715
398,17.6042389748464,0.4397321680024418,0.28369908963466817,0.021138731201555128,500N_0.1875V/E,power,0.21362259743695455
399,19.597573099621695,0.2689071430940369,0.42493247128009753,0.015603252450012288,500N_0.1875V/E,power,0.19085156478265974
400,4.162099705541512,0.999031978749928,0.44776979445406634,0.007076918168480719,500N_0.25V/E,power,0.12248162473011912
401,6.806674647746652,0.9393982575045958,0.4559741089475641,0.005046546418574939,500N_0.25V/E,power,0.10667373698460839
402,9.477279103191282,0.8798867351170451,0.3846999283683132,0.0057575694394850635,500N_0.25V/E,power,0.1005126383839679
403,13.22339969882593,0.8106748004006631,0.7597708599122597,0.008024806883859056,500N_0.25V/E,power,0.18387030131379076
404,15.835131611981202,0.733866790172181,0.6551742897913972,0.012955356775674439,500N_0.25V/E,power,0.20777860279393637
405,19.253044061591815,0.6557074197316293,0.6633129825325241,0.013468888527793838,500N_0.25V/E,power,0.21352341686217557
406,22.453595703714328,0.5691801233672535,0.5684485161729825,0.009057068553329245,500N_0.25V/E,power,0.15990342774974883
407,25.361717629367487,0.48214610399020164,0.5305407614767741,0.024455769632309658,500N_0.25V/E,power,0.28395128717430174
408,28.734948380858008,0.3595075144590031,0.8814624769576915,0.02575170476694825,500N_0.25V/E,power,0.3549458718727384
409,31.433165684391383,0.17267827526445462,1.1532576245750663,0.048687118689947066,500N_0.25V/E,power,0.5958409393707278
410,4.574079064312654,1.0093743641849466,0.46709223875326217,0.008505963860641345,500N_0.3125V/E,power,0.137899457799713
411,9.305403262549996,0.9236687724360328,0.7850021154890252,0.010099492871599065,500N_0.3125V/E,power,0.20577147321281286
412,14.406455870957965,0.8246279919517416,0.9807432347051552,0.015526420083090374,500N_0.3125V/E,power,0.28524662754071733
413,19.31172304221167,0.7339886558631808,0.8568893554444461,0.01350904818400629,500N_0.3125V/E,power,0.24696634126046452
414,24.762501877104523,0.6406330143779708,1.0741005310855938,0.014657739311253004,500N_0.3125V/E,power,0.2938476280331668
415,29.18449247176573,0.535342326448536,1.4241639687031578,0.018710667532864364,500N_0.3125V/E,power,0.38806566436729995
416,34.03461781533065,0.40882507501859633,0.8677398149913721,0.02460225499496673,500N_0.3125V/E,power,0.34285568142665734
417,38.837910414386236,0.3090408655425128,1.4847362484164726,0.031218133551841783,500N_0.3125V/E,power,0.5044459382804959
418,43.22162794181393,0.16124174670669159,1.1669057404997596,0.026400646305107456,500N_0.3125V/E,power,0.40925894745977853
419,45.73202008073694,-0.03822823837332614,2.616835476883609,0.05180349945249848,500N_0.3125V/E,power,0.8725365271459959
420,4.78420464796891,0.9394452174723688,1.4891072423006548,0.024162190386545764,500N_0.375V/E,power,0.4453822399519787
421,12.22105748746888,0.7893553807308018,1.8105606278588258,0.032086787044639416,500N_0.375V/E,power,0.5675268151664588
422,20.401288739626143,0.6165085723560256,1.7093042073939981,0.03431182122468221,500N_0.375V/E,power,0.5690724357809562
423,30.28649561292433,0.45905736871677905,3.508527399134081,0.042151901909292876,500N_0.375V/E,power,0.9432064297227121
424,36.34076742754928,0.31854195353933834,2.1950354349150554,0.04008186109127455,500N_0.375V/E,power,0.701045776607184
425,44.84536124749781,0.1283867965843442,2.7528694847976434,0.05044093059395779,500N_0.375V/E,power,0.8842489088362087
426,51.72983900485442,-0.02003290524531954,3.0238634312189023,0.037577622744530546,500N_0.375V/E,power,0.8215517080498946
427,57.839854294990104,-0.20746634896263044,2.6695253718382745,0.03337077298837503,500N_0.375V/E,power,0.725297942891863
428,66.64393914425658,-0.3522104616871097,3.7922298291959273,0.033507136625548606,500N_0.375V/E,power,0.9184417889048382
429,69.59827092552018,-0.5961184541771776,3.187323155258218,0.03474296598079953,500N_0.375V/E,power,0.8254755636286961
430,3.457831374208881,0.9643615770927111,0.13446124699749978,0.001827616677728741,1000N_0.125V/E,power,0.024407548550490737
431,5.3145254429988285,0.932325481743652,0.22716422061012007,0.002194841709628297,1000N_0.125V/E,power,0.043373067471625566
432,7.2661895392400195,0.8994575785588541,0.2623144302138211,0.0027219323571301877,1000N_0.125V/E,power,0.053851917287495665
433,9.232061561337176,0.8654499557223353,0.26737441176275695,0.002635422361911358,1000N_0.125V/E,power,0.053983878939873074
434,10.574349344177072,0.8377150909419685,0.14196180467071587,0.0024840848178723563,1000N_0.125V/E,power,0.031254868228621474
435,11.678509559853348,0.8057970416979335,0.26557935176647074,0.004249801072376563,1000N_0.125V/E,power,0.06736152950910035
436,13.099614879858,0.7700400961243439,0.3078479143866583,0.0036478070625880154,1000N_0.125V/E,power,0.06948673306912437
437,14.223625053453414,0.7222280182913454,0.2748714456846779,0.006336507970429004,1000N_0.125V/E,power,0.08663892484573393
438,16.69249464522479,0.6352117261326218,0.3391867495930787,0.009540945455148789,1000N_0.125V/E,power,0.12480023131110171
439,21.346751999490138,0.4224016177752308,0.6472978828651634,0.029761607432186275,1000N_0.125V/E,power,0.3488933536946877
440,3.959280518683149,1.0059231783106817,0.18605987220971135,0.002156945392346971,1000N_0.1875V/E,power,0.03602278769422819
441,8.290713487368643,0.9610413600306924,0.28751299388994506,0.004745002436129564,1000N_0.1875V/E,power,0.07530996580105243
442,12.403025786902553,0.911181345555289,0.6066817946091313,0.004125161538825703,1000N_0.1875V/E,power,0.1246351761710894
443,16.34306484385309,0.8628674960669223,0.3796043217649064,0.00569397878556869,1000N_0.1875V/E,power,0.09910222551952552
444,20.37627602412153,0.8035455065381372,0.9010217713910645,0.006836800646495617,1000N_0.1875V/E,power,0.19795451504039047
445,23.752396289249504,0.7470107818546976,0.5339503848418968,0.007358830105041969,1000N_0.1875V/E,power,0.1396086102727248
446,27.590066160057944,0.6769774073374389,0.5166984208797019,0.010158336723951198,1000N_0.1875V/E,power,0.1603890364576686
447,30.617467611369012,0.5945844796998727,0.5891646752128705,0.006066367442269928,1000N_0.1875V/E,power,0.13809469619691717
448,34.92578914889138,0.4877773489238434,0.5509469908391564,0.0132304168099224,1000N_0.1875V/E,power,0.19228683011966374
449,38.448829525610854,0.31120598224305407,0.7084797180094237,0.03353252461704827,1000N_0.1875V/E,power,0.39132070391570023
450,5.00080030911164,1.0641805447410113,0.6108329098482735,0.005325237191215253,1000N_0.25V/E,power,0.1355177262304602
451,10.89506493515466,0.9997951530826995,0.6836030218818311,0.009984857608829731,1000N_0.25V/E,power,0.18746000475729796
452,17.054394926909747,0.9317255573376821,0.6279681564267192,0.0064366609962550995,1000N_0.25V/E,power,0.147869150306997
453,24.271240390168842,0.862844035633706,0.6731109360187404,0.007950440286473846,1000N_0.25V/E,power,0.16842064834060028
454,30.763953627462644,0.7851735053645197,0.874077094556897,0.007197532422997224,1000N_0.25V/E,power,0.19640466144949967
455,36.665948061384945,0.7150028788658651,1.3346288697107378,0.012855469624540856,1000N_0.25V/E,power,0.32312193186491056
456,43.69503624502765,0.6105525784572456,1.0592632361510235,0.014193829956413384,1000N_0.25V/E,power,0.2873779548570773
457,50.14130990569747,0.5184942787375844,1.1513549148676996,0.013925590264036211,1000N_0.25V/E,power,0.30085229138877445
458,57.39775311929704,0.394747556906555,1.7660246917024278,0.020676464167944972,1000N_0.25V/E,power,0.4631889945724088
459,61.54804777757355,0.19326849093870901,2.2049803809014192,0.04697735233075418,1000N_0.25V/E,power,0.7611974665049123
460,5.550202947755227,1.0753333666802323,1.028485271176659,0.007767104091944379,1000N_0.3125V/E,power,0.22763730374421112
461,15.669409594256772,0.9831310410394674,0.8521358607652291,0.009883042885718441,1000N_0.3125V/E,power,0.21541688768705416
462,26.442389849972812,0.8862377432210516,1.1584075030425318,0.013393742978278523,1000N_0.3125V/E,power,0.29755000495791434
463,36.7166257734595,0.7839890814775962,1.267962695060343,0.014218400713914585,1000N_0.3125V/E,power,0.3232748581135774
464,47.20881833866679,0.688790962463211,1.8874010193371349,0.021383728567027624,1000N_0.3125V/E,power,0.4899402106416508
465,56.768736733895636,0.5719933969387601,2.075067903070447,0.014657268162616028,1000N_0.3125V/E,power,0.4650139310797589
466,67.80188151422703,0.45541796682085717,1.4314264102639487,0.02252913303828846,1000N_0.3125V/E,power,0.4216755887763747
467,78.81724544376189,0.3297681339343642,1.4852024238750308,0.017953234107898862,1000N_0.3125V/E,power,0.3920829966842194
468,85.40612113669246,0.16703779557550974,2.200739256430347,0.026472310742104738,1000N_0.3125V/E,power,0.5866569934194723
469,91.71073370273567,-0.029114077055487735,4.740824313667187,0.05173638512147524,1000N_0.3125V/E,power,1.2351800567872382
470,5.846035221637733,1.0027353558779564,1.016269111530598,0.010763511486305487,1000N_0.375V/E,power,0.2509479470902318
471,23.193747425235266,0.8446986552643831,2.234854440406781,0.02458774439296867,1000N_0.375V/E,power,0.5765159401749815
472,40.55283859895765,0.6652817451358952,3.068792640207364,0.027440123278388573,1000N_0.375V/E,power,0.7433022136349284
473,56.12572262233017,0.5094282105596607,3.882268294013385,0.03726160576717649,1000N_0.375V/E,power,0.9656643381397693
474,70.40664781571833,0.3528420106087061,4.70592866304589,0.027633774305980047,1000N_0.375V/E,power,1.0249019718023937
475,87.4140335886782,0.1693744955750311,2.278041933635222,0.015082356924246173,1000N_0.375V/E,power,0.5033268317828818
476,102.89494741256763,0.01254497394469566,2.1622647770232484,0.043265949836977555,1000N_0.375V/E,power,0.7224324203600505
477,118.82706407736164,-0.16722549152112506,5.481794982729986,0.0291784449557226,1000N_0.375V/E,power,1.1706726119105308
478,132.87461178790713,-0.34705295712739503,5.864599433439129,0.04787937925152521,1000N_0.375V/E,power,1.394656369870603
479,143.5004739208245,-0.5690555421930708,5.553643246640682,0.03465321091129936,1000N_0.375V/E,power,1.2293669994303686
